task,harness,model,prompt,run,status,start,end,duration_s,outdir
abs-module-cache-flags,opencode,modal-nothink/zai-org/GLM-5.2-FP8,v1,1,pass,1784140585.369,1784140987.309,401.9,glm-nothink__abs-module-cache-flags__run1
abs-module-cache-flags,opencode,modal-high/zai-org/GLM-5.2-FP8,v1,2,fail,1784140585.370,1784141014.602,429.2,glm-high__abs-module-cache-flags__run2
abs-module-cache-flags,opencode,modal-nothink/zai-org/GLM-5.2-FP8,v1,2,fail,1784140585.377,1784141015.199,429.8,glm-nothink__abs-module-cache-flags__run2
abs-module-cache-flags,opencode,modal-high/zai-org/GLM-5.2-FP8,v1,3,fail,1784140585.388,1784141032.599,447.2,glm-high__abs-module-cache-flags__run3
abs-module-cache-flags,opencode,modal-high/zai-org/GLM-5.2-FP8,v1,1,fail,1784140585.367,1784141182.906,597.5,glm-high__abs-module-cache-flags__run1
abs-module-cache-flags,opencode,modal/zai-org/GLM-5.2-FP8,v1,1,pass,1784140585.367,1784141198.578,613.2,glm-default__abs-module-cache-flags__run1
abs-module-cache-flags,opencode,modal-nothink/zai-org/GLM-5.2-FP8,v1,3,fail,1784140987.320,1784141403.998,416.7,glm-nothink__abs-module-cache-flags__run3
abs-module-cache-flags,claude,claude-code/claude-opus-4-8,v1,1,pass,1784140585.369,1784141410.087,824.7,opus__abs-module-cache-flags__run1
abs-module-cache-flags,opencode,modal-high/zai-org/GLM-5.2-FP8,v1,4,pass,1784141032.606,1784141419.044,386.4,glm-high__abs-module-cache-flags__run4
abs-module-cache-flags,claude,claude-code/claude-opus-4-8,v1,2,pass,1784140585.387,1784141459.497,874.1,opus__abs-module-cache-flags__run2
abs-module-cache-flags,opencode,modal/zai-org/GLM-5.2-FP8,v1,3,pass,1784140585.377,1784141486.832,901.5,glm-default__abs-module-cache-flags__run3
abs-module-cache-flags,opencode,modal/zai-org/GLM-5.2-FP8,v1,2,pass,1784140585.370,1784141573.805,988.4,glm-default__abs-module-cache-flags__run2
abs-module-cache-flags,opencode,modal-nothink/zai-org/GLM-5.2-FP8,v1,4,pass,1784141182.913,1784141638.563,455.6,glm-nothink__abs-module-cache-flags__run4
abs-stepped-slices,opencode,modal/zai-org/GLM-5.2-FP8,v1,1,fail,1784141404.009,1784141858.320,454.3,glm-default__abs-stepped-slices__run1
abs-module-cache-flags,claude,claude-code/claude-opus-4-8,v1,3,pass,1784141014.609,1784141882.620,868.0,opus__abs-module-cache-flags__run3
abs-module-cache-flags,opencode,modal/zai-org/GLM-5.2-FP8,v1,4,pass,1784141015.208,1784141912.511,897.3,glm-default__abs-module-cache-flags__run4
abs-stepped-slices,opencode,modal-high/zai-org/GLM-5.2-FP8,v1,1,fail,1784141410.089,1784141930.430,520.3,glm-high__abs-stepped-slices__run1
abs-stepped-slices,opencode,modal-nothink/zai-org/GLM-5.2-FP8,v1,1,pass,1784141419.050,1784141932.905,513.9,glm-nothink__abs-stepped-slices__run1
abs-module-cache-flags,claude,claude-code/claude-opus-4-8,v1,4,pass,1784141198.586,1784141940.301,741.7,opus__abs-module-cache-flags__run4
abs-stepped-slices,opencode,modal-high/zai-org/GLM-5.2-FP8,v1,2,fail,1784141573.815,1784142145.883,572.1,glm-high__abs-stepped-slices__run2
abs-stepped-slices,opencode,modal-nothink/zai-org/GLM-5.2-FP8,v1,2,fail,1784141638.573,1784142200.066,561.5,glm-nothink__abs-stepped-slices__run2
abs-stepped-slices,claude,claude-code/claude-opus-4-8,v1,1,pass,1784141459.499,1784142213.645,754.1,opus__abs-stepped-slices__run1
abs-stepped-slices,opencode,modal/zai-org/GLM-5.2-FP8,v1,2,fail,1784141486.847,1784142260.919,774.1,glm-default__abs-stepped-slices__run2
abs-stepped-slices,opencode,modal/zai-org/GLM-5.2-FP8,v1,3,fail,1784141882.621,1784142270.923,388.3,glm-default__abs-stepped-slices__run3
abs-stepped-slices,opencode,modal/zai-org/GLM-5.2-FP8,v1,4,fail,1784141940.303,1784142280.598,340.3,glm-default__abs-stepped-slices__run4
abs-stepped-slices,opencode,modal-high/zai-org/GLM-5.2-FP8,v1,3,pass,1784141912.520,1784142298.514,386.0,glm-high__abs-stepped-slices__run3
abs-stepped-slices,opencode,modal-nothink/zai-org/GLM-5.2-FP8,v1,3,fail,1784141930.437,1784142428.895,498.5,glm-nothink__abs-stepped-slices__run3
abs-stepped-slices,opencode,modal-high/zai-org/GLM-5.2-FP8,v1,4,pass,1784142145.890,1784142633.176,487.3,glm-high__abs-stepped-slices__run4
abs-stepped-slices,opencode,modal-nothink/zai-org/GLM-5.2-FP8,v1,4,fail,1784142200.081,1784142721.523,521.4,glm-nothink__abs-stepped-slices__run4
abs-stepped-slices,claude,claude-code/claude-opus-4-8,v1,3,pass,1784141932.913,1784142721.673,788.8,opus__abs-stepped-slices__run3
actionlint-action-pinning-lint,opencode,modal-high/zai-org/GLM-5.2-FP8,v1,1,pass,1784142270.929,1784142730.288,459.4,glm-high__actionlint-action-pinning-lint__run1
abs-stepped-slices,claude,claude-code/claude-opus-4-8,v1,2,fail,1784141858.325,1784142849.403,991.1,opus__abs-stepped-slices__run2
actionlint-action-pinning-lint,opencode,modal-nothink/zai-org/GLM-5.2-FP8,v1,1,fail,1784142280.602,1784142856.438,575.8,glm-nothink__actionlint-action-pinning-lint__run1
actionlint-action-pinning-lint,opencode,modal/zai-org/GLM-5.2-FP8,v1,1,fail,1784142260.929,1784142946.570,685.6,glm-default__actionlint-action-pinning-lint__run1
actionlint-action-pinning-lint,claude,claude-code/claude-opus-4-8,v1,1,pass,1784142298.521,1784143064.467,765.9,opus__actionlint-action-pinning-lint__run1
actionlint-action-pinning-lint,opencode,modal-high/zai-org/GLM-5.2-FP8,v1,2,fail,1784142633.184,1784143104.193,471.0,glm-high__actionlint-action-pinning-lint__run2
abs-stepped-slices,claude,claude-code/claude-opus-4-8,v1,4,fail,1784142213.647,1784143137.742,924.1,opus__abs-stepped-slices__run4
actionlint-action-pinning-lint,opencode,modal-nothink/zai-org/GLM-5.2-FP8,v1,2,fail,1784142721.533,1784143139.520,418.0,glm-nothink__actionlint-action-pinning-lint__run2
actionlint-action-pinning-lint,opencode,modal/zai-org/GLM-5.2-FP8,v1,2,pass,1784142428.904,1784143258.189,829.3,glm-default__actionlint-action-pinning-lint__run2
actionlint-action-pinning-lint,opencode,modal-nothink/zai-org/GLM-5.2-FP8,v1,3,pass,1784142856.451,1784143387.625,531.2,glm-nothink__actionlint-action-pinning-lint__run3
actionlint-action-pinning-lint,opencode,modal-high/zai-org/GLM-5.2-FP8,v1,3,fail,1784142849.405,1784143503.770,654.4,glm-high__actionlint-action-pinning-lint__run3
actionlint-action-pinning-lint,opencode,modal-high/zai-org/GLM-5.2-FP8,v1,4,pass,1784143104.201,1784143558.682,454.5,glm-high__actionlint-action-pinning-lint__run4
actionlint-action-pinning-lint,claude,claude-code/claude-opus-4-8,v1,2,pass,1784142721.675,1784143594.619,872.9,opus__actionlint-action-pinning-lint__run2
actionlint-action-pinning-lint,opencode,modal/zai-org/GLM-5.2-FP8,v1,3,pass,1784142730.296,1784143651.363,921.1,glm-default__actionlint-action-pinning-lint__run3
adaptix-name-mapping-aliases,opencode,modal/zai-org/GLM-5.2-FP8,v1,1,fail,1784143258.199,1784143688.091,429.9,glm-default__adaptix-name-mapping-aliases__run1
actionlint-action-pinning-lint,claude,claude-code/claude-opus-4-8,v1,3,pass,1784142946.581,1784143844.873,898.3,opus__actionlint-action-pinning-lint__run3
actionlint-action-pinning-lint,opencode,modal-nothink/zai-org/GLM-5.2-FP8,v1,4,fail,1784143137.743,1784143903.801,766.1,glm-nothink__actionlint-action-pinning-lint__run4
actionlint-action-pinning-lint,claude,claude-code/claude-opus-4-8,v1,4,pass,1784143139.533,1784143995.403,855.9,opus__actionlint-action-pinning-lint__run4
actionlint-action-pinning-lint,opencode,modal/zai-org/GLM-5.2-FP8,v1,4,pass,1784143064.469,1784144097.931,1033.5,glm-default__actionlint-action-pinning-lint__run4
adaptix-name-mapping-aliases,opencode,modal-high/zai-org/GLM-5.2-FP8,v1,1,pass,1784143387.633,1784144290.098,902.5,glm-high__adaptix-name-mapping-aliases__run1
adaptix-name-mapping-aliases,opencode,modal-nothink/zai-org/GLM-5.2-FP8,v1,2,pass,1784143688.098,1784144412.962,724.9,glm-nothink__adaptix-name-mapping-aliases__run2
adaptix-name-mapping-aliases,opencode,modal-nothink/zai-org/GLM-5.2-FP8,v1,1,fail,1784143503.780,1784144457.780,954.0,glm-nothink__adaptix-name-mapping-aliases__run1
adaptix-name-mapping-aliases,opencode,modal/zai-org/GLM-5.2-FP8,v1,2,pass,1784143594.621,1784144608.452,1013.8,glm-default__adaptix-name-mapping-aliases__run2
adaptix-name-mapping-aliases,opencode,modal-high/zai-org/GLM-5.2-FP8,v1,2,pass,1784143651.376,1784144718.207,1066.8,glm-high__adaptix-name-mapping-aliases__run2
adaptix-name-mapping-aliases,opencode,modal-high/zai-org/GLM-5.2-FP8,v1,3,pass,1784143995.405,1784144890.493,895.1,glm-high__adaptix-name-mapping-aliases__run3
adaptix-name-mapping-aliases,claude,claude-code/claude-opus-4-8,v1,1,pass,1784143558.689,1784144997.751,1439.1,opus__adaptix-name-mapping-aliases__run1
adaptix-name-mapping-aliases,opencode,modal-nothink/zai-org/GLM-5.2-FP8,v1,3,pass,1784144097.943,1784145006.557,908.6,glm-nothink__adaptix-name-mapping-aliases__run3
adaptix-name-mapping-aliases,claude,claude-code/claude-opus-4-8,v1,2,pass,1784143844.875,1784145153.418,1308.5,opus__adaptix-name-mapping-aliases__run2
aiomonitor-task-snapshots-diff,opencode,modal-nothink/zai-org/GLM-5.2-FP8,v1,1,fail,1784145006.570,1784145408.773,402.2,glm-nothink__aiomonitor-task-snapshots-diff__run1
aiomonitor-task-snapshots-diff,opencode,modal-high/zai-org/GLM-5.2-FP8,v1,1,fail,1784144997.753,1784145439.275,441.5,glm-high__aiomonitor-task-snapshots-diff__run1
adaptix-name-mapping-aliases,opencode,modal/zai-org/GLM-5.2-FP8,v1,3,pass,1784143903.814,1784145521.249,1617.4,glm-default__adaptix-name-mapping-aliases__run3
adaptix-name-mapping-aliases,opencode,modal-high/zai-org/GLM-5.2-FP8,v1,4,pass,1784144457.802,1784145548.476,1090.7,glm-high__adaptix-name-mapping-aliases__run4
adaptix-name-mapping-aliases,opencode,modal-nothink/zai-org/GLM-5.2-FP8,v1,4,fail,1784144608.465,1784145557.034,948.6,glm-nothink__adaptix-name-mapping-aliases__run4
adaptix-name-mapping-aliases,opencode,modal/zai-org/GLM-5.2-FP8,v1,4,pass,1784144412.974,1784145680.341,1267.4,glm-default__adaptix-name-mapping-aliases__run4
aiomonitor-task-snapshots-diff,opencode,modal-high/zai-org/GLM-5.2-FP8,v1,2,pass,1784145439.282,1784145812.794,373.5,glm-high__aiomonitor-task-snapshots-diff__run2
aiomonitor-task-snapshots-diff,opencode,modal-nothink/zai-org/GLM-5.2-FP8,v1,2,fail,1784145521.266,1784145829.396,308.1,glm-nothink__aiomonitor-task-snapshots-diff__run2
adaptix-name-mapping-aliases,claude,claude-code/claude-opus-4-8,v1,3,pass,1784144290.113,1784145842.252,1552.1,opus__adaptix-name-mapping-aliases__run3
aiomonitor-task-snapshots-diff,claude,claude-code/claude-opus-4-8,v1,1,pass,1784145153.421,1784145921.490,768.1,opus__aiomonitor-task-snapshots-diff__run1
aiomonitor-task-snapshots-diff,opencode,modal-high/zai-org/GLM-5.2-FP8,v1,3,fail,1784145680.360,1784146003.189,322.8,glm-high__aiomonitor-task-snapshots-diff__run3
aiomonitor-task-snapshots-diff,opencode,modal/zai-org/GLM-5.2-FP8,v1,2,fail,1784145408.781,1784146045.192,636.4,glm-default__aiomonitor-task-snapshots-diff__run2
aiomonitor-task-snapshots-diff,opencode,modal-nothink/zai-org/GLM-5.2-FP8,v1,3,fail,1784145812.801,1784146095.480,282.7,glm-nothink__aiomonitor-task-snapshots-diff__run3
adaptix-name-mapping-aliases,claude,claude-code/claude-opus-4-8,v1,4,pass,1784144718.219,1784146231.423,1513.2,opus__adaptix-name-mapping-aliases__run4
aiomonitor-task-snapshots-diff,opencode,modal-high/zai-org/GLM-5.2-FP8,v1,4,fail,1784145921.492,1784146248.026,326.5,glm-high__aiomonitor-task-snapshots-diff__run4
aiomonitor-task-snapshots-diff,claude,claude-code/claude-opus-4-8,v1,2,pass,1784145548.489,1784146351.343,802.9,opus__aiomonitor-task-snapshots-diff__run2
aiomonitor-task-snapshots-diff,opencode,modal-nothink/zai-org/GLM-5.2-FP8,v1,4,fail,1784146003.196,1784146403.361,400.2,glm-nothink__aiomonitor-task-snapshots-diff__run4
aiomonitor-task-snapshots-diff,opencode,modal/zai-org/GLM-5.2-FP8,v1,3,pass,1784145557.049,1784146411.348,854.3,glm-default__aiomonitor-task-snapshots-diff__run3
aiomonitor-task-snapshots-diff,opencode,modal/zai-org/GLM-5.2-FP8,v1,4,fail,1784145842.254,1784146459.924,617.7,glm-default__aiomonitor-task-snapshots-diff__run4
aiomonitor-task-snapshots-diff,claude,claude-code/claude-opus-4-8,v1,3,pass,1784145829.403,1784146607.107,777.7,opus__aiomonitor-task-snapshots-diff__run3
aiomonitor-task-snapshots-diff,claude,claude-code/claude-opus-4-8,v1,4,fail,1784146045.201,1784146821.104,775.9,opus__aiomonitor-task-snapshots-diff__run4
anko-default-function-arguments,opencode,modal-high/zai-org/GLM-5.2-FP8,v1,1,pass,1784146231.425,1784146974.120,742.7,glm-high__anko-default-function-arguments__run1
aiomonitor-task-snapshots-diff,opencode,modal/zai-org/GLM-5.2-FP8,v1,1,pass,1784144890.505,1784146974.544,2084.0,glm-default__aiomonitor-task-snapshots-diff__run1
anko-default-function-arguments,opencode,modal/zai-org/GLM-5.2-FP8,v1,1,fail,1784146095.487,1784147052.970,957.5,glm-default__anko-default-function-arguments__run1
anko-default-function-arguments,opencode,modal/zai-org/GLM-5.2-FP8,v1,2,fail,1784146403.369,1784147246.193,842.8,glm-default__anko-default-function-arguments__run2
anko-default-function-arguments,opencode,modal-nothink/zai-org/GLM-5.2-FP8,v1,1,fail,1784146248.033,1784147293.022,1045.0,glm-nothink__anko-default-function-arguments__run1
anko-default-function-arguments,opencode,modal-nothink/zai-org/GLM-5.2-FP8,v1,2,pass,1784146459.933,1784147488.679,1028.7,glm-nothink__anko-default-function-arguments__run2
anko-default-function-arguments,opencode,modal-high/zai-org/GLM-5.2-FP8,v1,2,pass,1784146411.363,1784147521.892,1110.5,glm-high__anko-default-function-arguments__run2
anko-default-function-arguments,opencode,modal-nothink/zai-org/GLM-5.2-FP8,v1,3,fail,1784146974.555,1784147677.294,702.7,glm-nothink__anko-default-function-arguments__run3
anko-default-function-arguments,claude,claude-code/claude-opus-4-8,v1,1,pass,1784146351.345,1784147883.483,1532.1,opus__anko-default-function-arguments__run1
anko-default-function-arguments,claude,claude-code/claude-opus-4-8,v1,2,pass,1784146607.109,1784148229.504,1622.4,opus__anko-default-function-arguments__run2
anko-default-function-arguments,opencode,modal/zai-org/GLM-5.2-FP8,v1,3,fail,1784146821.106,1784148272.073,1451.0,glm-default__anko-default-function-arguments__run3
anko-default-function-arguments,opencode,modal-high/zai-org/GLM-5.2-FP8,v1,4,pass,1784147293.040,1784148391.424,1098.4,glm-high__anko-default-function-arguments__run4
anko-default-function-arguments,opencode,modal-high/zai-org/GLM-5.2-FP8,v1,3,pass,1784146974.128,1784148399.739,1425.6,glm-high__anko-default-function-arguments__run3
anko-typed-variable-bindings,opencode,modal/zai-org/GLM-5.2-FP8,v1,1,fail,1784147677.303,1784148430.947,753.6,glm-default__anko-typed-variable-bindings__run1
anko-typed-variable-bindings,opencode,modal-high/zai-org/GLM-5.2-FP8,v1,1,pass,1784147883.485,1784148481.673,598.2,glm-high__anko-typed-variable-bindings__run1
anko-default-function-arguments,opencode,modal/zai-org/GLM-5.2-FP8,v1,4,pass,1784147246.200,1784148503.149,1256.9,glm-default__anko-default-function-arguments__run4
anko-typed-variable-bindings,opencode,modal-nothink/zai-org/GLM-5.2-FP8,v1,1,fail,1784148229.506,1784148522.930,293.4,glm-nothink__anko-typed-variable-bindings__run1
anko-default-function-arguments,opencode,modal-nothink/zai-org/GLM-5.2-FP8,v1,4,pass,1784147488.691,1784148624.534,1135.8,glm-nothink__anko-default-function-arguments__run4
anko-typed-variable-bindings,opencode,modal-high/zai-org/GLM-5.2-FP8,v1,2,pass,1784148399.750,1784148741.602,341.9,glm-high__anko-typed-variable-bindings__run2
anko-typed-variable-bindings,opencode,modal-nothink/zai-org/GLM-5.2-FP8,v1,2,pass,1784148430.955,1784148799.562,368.6,glm-nothink__anko-typed-variable-bindings__run2
anko-default-function-arguments,claude,claude-code/claude-opus-4-8,v1,3,pass,1784147052.977,1784148935.166,1882.2,opus__anko-default-function-arguments__run3
anko-typed-variable-bindings,claude,claude-code/claude-opus-4-8,v1,1,fail,1784148272.083,1784148947.512,675.4,opus__anko-typed-variable-bindings__run1
anko-typed-variable-bindings,opencode,modal-high/zai-org/GLM-5.2-FP8,v1,3,pass,1784148522.937,1784148955.293,432.4,glm-high__anko-typed-variable-bindings__run3
anko-default-function-arguments,claude,claude-code/claude-opus-4-8,v1,4,pass,1784147521.901,1784148959.314,1437.4,opus__anko-default-function-arguments__run4
anko-typed-variable-bindings,opencode,modal-nothink/zai-org/GLM-5.2-FP8,v1,3,fail,1784148624.546,1784149032.290,407.7,glm-nothink__anko-typed-variable-bindings__run3
anko-typed-variable-bindings,claude,claude-code/claude-opus-4-8,v1,2,fail,1784148481.678,1784149109.397,627.7,opus__anko-typed-variable-bindings__run2
anko-typed-variable-bindings,opencode,modal/zai-org/GLM-5.2-FP8,v1,2,fail,1784148391.433,1784149151.818,760.4,glm-default__anko-typed-variable-bindings__run2
anko-typed-variable-bindings,opencode,modal/zai-org/GLM-5.2-FP8,v1,3,pass,1784148503.159,1784149224.897,721.7,glm-default__anko-typed-variable-bindings__run3
anko-typed-variable-bindings,opencode,modal-nothink/zai-org/GLM-5.2-FP8,v1,4,fail,1784148947.514,1784149273.264,325.8,glm-nothink__anko-typed-variable-bindings__run4
anko-typed-variable-bindings,opencode,modal-high/zai-org/GLM-5.2-FP8,v1,4,pass,1784148935.168,1784149314.507,379.3,glm-high__anko-typed-variable-bindings__run4
anko-typed-variable-bindings,claude,claude-code/claude-opus-4-8,v1,3,pass,1784148741.607,1784149391.695,650.1,opus__anko-typed-variable-bindings__run3
anko-typed-variable-bindings,opencode,modal/zai-org/GLM-5.2-FP8,v1,4,fail,1784148799.569,1784149422.545,623.0,glm-default__anko-typed-variable-bindings__run4
anko-typed-variable-bindings,claude,claude-code/claude-opus-4-8,v1,4,fail,1784148955.302,1784149748.930,793.6,opus__anko-typed-variable-bindings__run4
arcane-drift-detection-baselines,opencode,modal-high/zai-org/GLM-5.2-FP8,v1,1,pass,1784149032.299,1784150056.819,1024.5,glm-high__arcane-drift-detection-baselines__run1
arcane-drift-detection-baselines,opencode,modal-nothink/zai-org/GLM-5.2-FP8,v1,2,pass,1784149314.513,1784150244.589,930.1,glm-nothink__arcane-drift-detection-baselines__run2
arcane-drift-detection-baselines,opencode,modal/zai-org/GLM-5.2-FP8,v1,2,pass,1784149224.908,1784150266.438,1041.5,glm-default__arcane-drift-detection-baselines__run2
arcane-drift-detection-baselines,claude,claude-code/claude-opus-4-8,v1,1,pass,1784149151.827,1784150338.024,1186.2,opus__arcane-drift-detection-baselines__run1
arcane-drift-detection-baselines,opencode,modal/zai-org/GLM-5.2-FP8,v1,1,fail,1784148959.316,1784150421.341,1462.0,glm-default__arcane-drift-detection-baselines__run1
arcane-drift-detection-baselines,opencode,modal-high/zai-org/GLM-5.2-FP8,v1,2,pass,1784149273.272,1784150497.259,1224.0,glm-high__arcane-drift-detection-baselines__run2
arcane-drift-detection-baselines,opencode,modal/zai-org/GLM-5.2-FP8,v1,3,fail,1784149422.556,1784150587.022,1164.5,glm-default__arcane-drift-detection-baselines__run3
arcane-drift-detection-baselines,claude,claude-code/claude-opus-4-8,v1,2,pass,1784149391.698,1784150684.343,1292.6,opus__arcane-drift-detection-baselines__run2
arcane-drift-detection-baselines,opencode,modal-high/zai-org/GLM-5.2-FP8,v1,3,pass,1784149748.938,1784151004.168,1255.2,glm-high__arcane-drift-detection-baselines__run3
arcane-drift-detection-baselines,opencode,modal-nothink/zai-org/GLM-5.2-FP8,v1,3,fail,1784150056.842,1784151042.802,986.0,glm-nothink__arcane-drift-detection-baselines__run3
arcane-drift-detection-baselines,opencode,modal/zai-org/GLM-5.2-FP8,v1,4,fail,1784150266.450,1784151186.490,920.0,glm-default__arcane-drift-detection-baselines__run4
arcane-drift-detection-baselines,opencode,modal-nothink/zai-org/GLM-5.2-FP8,v1,4,pass,1784150421.352,1784151291.685,870.3,glm-nothink__arcane-drift-detection-baselines__run4
arcane-drift-detection-baselines,opencode,modal-high/zai-org/GLM-5.2-FP8,v1,4,fail,1784150338.031,1784151378.098,1040.1,glm-high__arcane-drift-detection-baselines__run4
arcane-drift-detection-baselines,claude,claude-code/claude-opus-4-8,v1,3,pass,1784150244.601,1784151426.873,1182.3,opus__arcane-drift-detection-baselines__run3
arcane-drift-detection-baselines,claude,claude-code/claude-opus-4-8,v1,4,pass,1784150497.268,1784151663.787,1166.5,opus__arcane-drift-detection-baselines__run4
arktype-json-schema-refs-dependencies,opencode,modal/zai-org/GLM-5.2-FP8,v1,1,fail,1784150587.038,1784152125.279,1538.2,glm-default__arktype-json-schema-refs-dependencies__run1
arktype-json-schema-refs-dependencies,opencode,modal-high/zai-org/GLM-5.2-FP8,v1,1,fail,1784150684.344,1784152206.444,1522.1,glm-high__arktype-json-schema-refs-dependencies__run1
arktype-json-schema-refs-dependencies,opencode,modal/zai-org/GLM-5.2-FP8,v1,2,pass,1784151186.500,1784152949.660,1763.2,glm-default__arktype-json-schema-refs-dependencies__run2
arktype-json-schema-refs-dependencies,opencode,modal-high/zai-org/GLM-5.2-FP8,v1,3,fail,1784152125.297,1784153030.173,904.9,glm-high__arktype-json-schema-refs-dependencies__run3
arktype-json-schema-refs-dependencies,claude,claude-code/claude-opus-4-8,v1,1,pass,1784151042.814,1784153123.334,2080.5,opus__arktype-json-schema-refs-dependencies__run1
arktype-json-schema-refs-dependencies,opencode,modal-high/zai-org/GLM-5.2-FP8,v1,2,pass,1784151291.697,1784153755.979,2464.3,glm-high__arktype-json-schema-refs-dependencies__run2
arktype-json-schema-refs-dependencies,opencode,modal-nothink/zai-org/GLM-5.2-FP8,v1,2,pass,1784151378.113,1784154000.309,2622.2,glm-nothink__arktype-json-schema-refs-dependencies__run2
arktype-json-schema-refs-dependencies,opencode,modal/zai-org/GLM-5.2-FP8,v1,3,fail,1784151663.789,1784154132.962,2469.2,glm-default__arktype-json-schema-refs-dependencies__run3
arktype-json-schema-refs-dependencies,claude,claude-code/claude-opus-4-8,v1,2,pass,1784151426.874,1784154438.227,3011.4,opus__arktype-json-schema-refs-dependencies__run2
arktype-json-schema-refs-dependencies,claude,claude-code/claude-opus-4-8,v1,3,fail,1784152949.676,1784154651.250,1701.6,opus__arktype-json-schema-refs-dependencies__run3
arcane-drift-detection-baselines,opencode,modal-nothink/zai-org/GLM-5.2-FP8,v1,1,fail,1784149109.398,1784154758.000,5648.6,glm-nothink__arcane-drift-detection-baselines__run1
arktype-json-schema-refs-dependencies,opencode,modal/zai-org/GLM-5.2-FP8,v1,4,fail,1784153030.186,1784154810.132,1779.9,glm-default__arktype-json-schema-refs-dependencies__run4
awilix-async-container-initialization,opencode,modal/zai-org/GLM-5.2-FP8,v1,1,pass,1784154132.989,1784154811.832,678.8,glm-default__awilix-async-container-initialization__run1
awilix-async-container-initialization,opencode,modal-high/zai-org/GLM-5.2-FP8,v1,1,pass,1784154438.230,1784154851.918,413.7,glm-high__awilix-async-container-initialization__run1
arktype-json-schema-refs-dependencies,opencode,modal-high/zai-org/GLM-5.2-FP8,v1,4,fail,1784153123.336,1784154956.543,1833.2,glm-high__arktype-json-schema-refs-dependencies__run4
awilix-async-container-initialization,opencode,modal-nothink/zai-org/GLM-5.2-FP8,v1,1,fail,1784154651.260,1784154986.153,334.9,glm-nothink__awilix-async-container-initialization__run1
awilix-async-container-initialization,opencode,modal-nothink/zai-org/GLM-5.2-FP8,v1,2,pass,1784154851.924,1784155153.698,301.8,glm-nothink__awilix-async-container-initialization__run2
awilix-async-container-initialization,opencode,modal-high/zai-org/GLM-5.2-FP8,v1,2,pass,1784154811.841,1784155164.424,352.6,glm-high__awilix-async-container-initialization__run2
awilix-async-container-initialization,opencode,modal/zai-org/GLM-5.2-FP8,v1,2,pass,1784154810.146,1784155448.403,638.3,glm-default__awilix-async-container-initialization__run2
awilix-async-container-initialization,opencode,modal-nothink/zai-org/GLM-5.2-FP8,v1,3,fail,1784155164.430,1784155481.323,316.9,glm-nothink__awilix-async-container-initialization__run3
awilix-async-container-initialization,claude,claude-code/claude-opus-4-8,v1,1,fail,1784154758.002,1784155518.739,760.7,opus__awilix-async-container-initialization__run1
awilix-async-container-initialization,opencode,modal/zai-org/GLM-5.2-FP8,v1,3,pass,1784154986.160,1784155631.918,645.8,glm-default__awilix-async-container-initialization__run3
awilix-async-container-initialization,opencode,modal-high/zai-org/GLM-5.2-FP8,v1,3,pass,1784155153.705,1784155643.847,490.1,glm-high__awilix-async-container-initialization__run3
awilix-async-container-initialization,claude,claude-code/claude-opus-4-8,v1,2,fail,1784154956.566,1784155767.593,811.0,opus__awilix-async-container-initialization__run2
awilix-async-container-initialization,opencode,modal-high/zai-org/GLM-5.2-FP8,v1,4,pass,1784155518.740,1784156016.625,497.9,glm-high__awilix-async-container-initialization__run4
awilix-async-container-initialization,opencode,modal-nothink/zai-org/GLM-5.2-FP8,v1,4,fail,1784155631.928,1784156051.662,419.7,glm-nothink__awilix-async-container-initialization__run4
arktype-json-schema-refs-dependencies,opencode,modal-nothink/zai-org/GLM-5.2-FP8,v1,3,fail,1784152206.460,1784156120.838,3914.4,glm-nothink__arktype-json-schema-refs-dependencies__run3
awilix-async-container-initialization,opencode,modal/zai-org/GLM-5.2-FP8,v1,4,pass,1784155481.331,1784156293.163,811.8,glm-default__awilix-async-container-initialization__run4
awilix-async-container-initialization,claude,claude-code/claude-opus-4-8,v1,3,fail,1784155448.413,1784156306.014,857.6,opus__awilix-async-container-initialization__run3
awilix-async-container-initialization,claude,claude-code/claude-opus-4-8,v1,4,pass,1784155643.854,1784156492.365,848.5,opus__awilix-async-container-initialization__run4
bandit-incremental-cache-control,opencode,modal/zai-org/GLM-5.2-FP8,v1,1,fail,1784155767.595,1784156513.383,745.8,glm-default__bandit-incremental-cache-control__run1
arktype-json-schema-refs-dependencies,opencode,modal-nothink/zai-org/GLM-5.2-FP8,v1,1,fail,1784151004.178,1784156524.976,5520.8,glm-nothink__arktype-json-schema-refs-dependencies__run1
bandit-incremental-cache-control,opencode,modal-high/zai-org/GLM-5.2-FP8,v1,1,fail,1784156016.636,1784156529.581,512.9,glm-high__bandit-incremental-cache-control__run1
bandit-incremental-cache-control,opencode,modal-nothink/zai-org/GLM-5.2-FP8,v1,1,fail,1784156051.672,1784156604.721,553.0,glm-nothink__bandit-incremental-cache-control__run1
bandit-incremental-cache-control,opencode,modal-high/zai-org/GLM-5.2-FP8,v1,2,fail,1784156306.016,1784156726.916,420.9,glm-high__bandit-incremental-cache-control__run2
arktype-json-schema-refs-dependencies,claude,claude-code/claude-opus-4-8,v1,4,pass,1784154000.329,1784156796.166,2795.8,opus__arktype-json-schema-refs-dependencies__run4
bandit-incremental-cache-control,opencode,modal-high/zai-org/GLM-5.2-FP8,v1,3,fail,1784156529.588,1784156916.247,386.7,glm-high__bandit-incremental-cache-control__run3
bandit-incremental-cache-control,opencode,modal-nothink/zai-org/GLM-5.2-FP8,v1,2,fail,1784156492.368,1784156938.389,446.0,glm-nothink__bandit-incremental-cache-control__run2
bandit-incremental-cache-control,claude,claude-code/claude-opus-4-8,v1,1,fail,1784156120.855,1784156946.656,825.8,opus__bandit-incremental-cache-control__run1
bandit-incremental-cache-control,opencode,modal/zai-org/GLM-5.2-FP8,v1,2,fail,1784156293.174,1784156991.634,698.5,glm-default__bandit-incremental-cache-control__run2
bandit-incremental-cache-control,opencode,modal-nothink/zai-org/GLM-5.2-FP8,v1,3,fail,1784156604.730,1784157203.505,598.8,glm-nothink__bandit-incremental-cache-control__run3
bandit-incremental-cache-control,opencode,modal-high/zai-org/GLM-5.2-FP8,v1,4,fail,1784156916.254,1784157248.833,332.6,glm-high__bandit-incremental-cache-control__run4
bandit-incremental-cache-control,claude,claude-code/claude-opus-4-8,v1,2,pass,1784156513.391,1784157393.808,880.4,opus__bandit-incremental-cache-control__run2
bandit-incremental-cache-control,opencode,modal-nothink/zai-org/GLM-5.2-FP8,v1,4,fail,1784156938.397,1784157425.798,487.4,glm-nothink__bandit-incremental-cache-control__run4
bandit-incremental-cache-control,opencode,modal/zai-org/GLM-5.2-FP8,v1,3,fail,1784156524.991,1784157458.253,933.3,glm-default__bandit-incremental-cache-control__run3
bandit-incremental-cache-control,opencode,modal/zai-org/GLM-5.2-FP8,v1,4,fail,1784156796.169,1784157598.207,802.0,glm-default__bandit-incremental-cache-control__run4
bandit-incremental-cache-control,claude,claude-code/claude-opus-4-8,v1,3,pass,1784156726.924,1784157612.054,885.1,opus__bandit-incremental-cache-control__run3
bandit-interprocedural-taint-checks,opencode,modal-nothink/zai-org/GLM-5.2-FP8,v1,1,fail,1784157248.843,1784157778.569,529.7,glm-nothink__bandit-interprocedural-taint-checks__run1
bandit-interprocedural-taint-checks,opencode,modal-high/zai-org/GLM-5.2-FP8,v1,1,fail,1784157203.514,1784157782.678,579.2,glm-high__bandit-interprocedural-taint-checks__run1
bandit-interprocedural-taint-checks,opencode,modal/zai-org/GLM-5.2-FP8,v1,1,fail,1784156991.644,1784157930.781,939.1,glm-default__bandit-interprocedural-taint-checks__run1
bandit-interprocedural-taint-checks,opencode,modal-high/zai-org/GLM-5.2-FP8,v1,2,fail,1784157458.268,1784158010.116,551.8,glm-high__bandit-interprocedural-taint-checks__run2
bandit-incremental-cache-control,claude,claude-code/claude-opus-4-8,v1,4,fail,1784156946.657,1784158018.239,1071.6,opus__bandit-incremental-cache-control__run4
bandit-interprocedural-taint-checks,claude,claude-code/claude-opus-4-8,v1,1,pass,1784157393.810,1784158195.499,801.7,opus__bandit-interprocedural-taint-checks__run1
bandit-interprocedural-taint-checks,claude,claude-code/claude-opus-4-8,v1,2,pass,1784157612.056,1784158356.497,744.4,opus__bandit-interprocedural-taint-checks__run2
bandit-interprocedural-taint-checks,opencode,modal-nothink/zai-org/GLM-5.2-FP8,v1,2,fail,1784157598.217,1784158365.666,767.4,glm-nothink__bandit-interprocedural-taint-checks__run2
bandit-interprocedural-taint-checks,opencode,modal/zai-org/GLM-5.2-FP8,v1,2,pass,1784157425.811,1784158366.171,940.4,glm-default__bandit-interprocedural-taint-checks__run2
bandit-interprocedural-taint-checks,opencode,modal-high/zai-org/GLM-5.2-FP8,v1,3,pass,1784157782.686,1784158428.747,646.1,glm-high__bandit-interprocedural-taint-checks__run3
bandit-interprocedural-taint-checks,opencode,modal-nothink/zai-org/GLM-5.2-FP8,v1,3,fail,1784157930.791,1784158440.834,510.0,glm-nothink__bandit-interprocedural-taint-checks__run3
arktype-json-schema-refs-dependencies,opencode,modal-nothink/zai-org/GLM-5.2-FP8,v1,4,pass,1784153756.005,1784158612.939,4856.9,glm-nothink__arktype-json-schema-refs-dependencies__run4
bandit-interprocedural-taint-checks,opencode,modal/zai-org/GLM-5.2-FP8,v1,3,pass,1784157778.577,1784158634.906,856.3,glm-default__bandit-interprocedural-taint-checks__run3
bandit-interprocedural-taint-checks,claude,claude-code/claude-opus-4-8,v1,3,pass,1784158010.124,1784158664.073,653.9,opus__bandit-interprocedural-taint-checks__run3
bandit-interprocedural-taint-checks,opencode,modal-high/zai-org/GLM-5.2-FP8,v1,4,pass,1784158195.500,1784158729.874,534.4,glm-high__bandit-interprocedural-taint-checks__run4
bandit-interprocedural-taint-checks,opencode,modal/zai-org/GLM-5.2-FP8,v1,4,fail,1784158018.241,1784158886.298,868.1,glm-default__bandit-interprocedural-taint-checks__run4
bandit-interprocedural-taint-checks,opencode,modal-nothink/zai-org/GLM-5.2-FP8,v1,4,fail,1784158356.499,1784158966.256,609.8,glm-nothink__bandit-interprocedural-taint-checks__run4
bandit-structured-nosec-directives,opencode,modal-nothink/zai-org/GLM-5.2-FP8,v1,1,fail,1784158440.843,1784158983.814,543.0,glm-nothink__bandit-structured-nosec-directives__run1
bandit-interprocedural-taint-checks,claude,claude-code/claude-opus-4-8,v1,4,pass,1784158365.679,1784159154.864,789.2,opus__bandit-interprocedural-taint-checks__run4
bandit-structured-nosec-directives,opencode,modal-high/zai-org/GLM-5.2-FP8,v1,1,fail,1784158428.755,1784159341.943,913.2,glm-high__bandit-structured-nosec-directives__run1
bandit-structured-nosec-directives,opencode,modal-nothink/zai-org/GLM-5.2-FP8,v1,2,fail,1784158729.880,1784159444.451,714.6,glm-nothink__bandit-structured-nosec-directives__run2
bandit-structured-nosec-directives,opencode,modal-high/zai-org/GLM-5.2-FP8,v1,2,fail,1784158664.075,1784159484.009,819.9,glm-high__bandit-structured-nosec-directives__run2
bandit-structured-nosec-directives,opencode,modal-high/zai-org/GLM-5.2-FP8,v1,3,fail,1784158983.823,1784159696.255,712.4,glm-high__bandit-structured-nosec-directives__run3
bandit-structured-nosec-directives,claude,claude-code/claude-opus-4-8,v1,1,fail,1784158612.959,1784159759.046,1146.1,opus__bandit-structured-nosec-directives__run1
bandit-structured-nosec-directives,opencode,modal/zai-org/GLM-5.2-FP8,v1,2,fail,1784158634.914,1784159790.534,1155.6,glm-default__bandit-structured-nosec-directives__run2
bandit-structured-nosec-directives,opencode,modal-nothink/zai-org/GLM-5.2-FP8,v1,3,fail,1784159154.865,1784159954.802,799.9,glm-nothink__bandit-structured-nosec-directives__run3
bandit-structured-nosec-directives,claude,claude-code/claude-opus-4-8,v1,2,fail,1784158886.306,1784160034.781,1148.5,opus__bandit-structured-nosec-directives__run2
bandit-structured-nosec-directives,opencode,modal/zai-org/GLM-5.2-FP8,v1,1,fail,1784158366.181,1784160040.798,1674.6,glm-default__bandit-structured-nosec-directives__run1
bandit-structured-nosec-directives,opencode,modal-nothink/zai-org/GLM-5.2-FP8,v1,4,fail,1784159696.263,1784160126.489,430.2,glm-nothink__bandit-structured-nosec-directives__run4
bandit-structured-nosec-directives,opencode,modal/zai-org/GLM-5.2-FP8,v1,3,fail,1784201744.045,1784202107.307,363.3,glm-default__bandit-structured-nosec-directives__run3
bandit-structured-nosec-directives,opencode,modal-high/zai-org/GLM-5.2-FP8,v1,4,fail,1784201744.046,1784202837.186,1093.1,glm-high__bandit-structured-nosec-directives__run4
bandit-structured-nosec-directives,claude,claude-code/claude-opus-4-8,v1,3,fail,1784201744.047,1784203136.051,1392.0,opus__bandit-structured-nosec-directives__run3
bandit-structured-nosec-directives,claude,claude-code/claude-opus-4-8,v1,4,fail,1784201744.048,1784203182.344,1438.3,opus__bandit-structured-nosec-directives__run4
bandit-structured-nosec-directives,opencode,modal/zai-org/GLM-5.2-FP8,v1,4,fail,1784201744.047,1784203262.274,1518.2,glm-default__bandit-structured-nosec-directives__run4
boa-hierarchical-evaluation-cancellation,opencode,modal/zai-org/GLM-5.2-FP8,v1,2,fail,1784201744.062,1784203784.997,2040.9,glm-default__boa-hierarchical-evaluation-cancellation__run2
boa-hierarchical-evaluation-cancellation,opencode,modal-high/zai-org/GLM-5.2-FP8,v1,1,fail,1784201744.048,1784203941.254,2197.2,glm-high__boa-hierarchical-evaluation-cancellation__run1
boa-hierarchical-evaluation-cancellation,claude,claude-code/claude-opus-4-8,v1,1,pass,1784201744.050,1784204035.264,2291.2,opus__boa-hierarchical-evaluation-cancellation__run1
boa-hierarchical-evaluation-cancellation,opencode,modal-nothink/zai-org/GLM-5.2-FP8,v1,1,fail,1784201744.049,1784204056.894,2312.8,glm-nothink__boa-hierarchical-evaluation-cancellation__run1
boa-hierarchical-evaluation-cancellation,opencode,modal-high/zai-org/GLM-5.2-FP8,v1,2,pass,1784202107.314,1784204189.280,2082.0,glm-high__boa-hierarchical-evaluation-cancellation__run2
boa-hierarchical-evaluation-cancellation,opencode,modal/zai-org/GLM-5.2-FP8,v1,1,fail,1784201744.049,1784204444.061,2700.0,glm-default__boa-hierarchical-evaluation-cancellation__run1
boa-hierarchical-evaluation-cancellation,opencode,modal-nothink/zai-org/GLM-5.2-FP8,v1,2,pass,1784202837.201,1784205813.847,2976.6,glm-nothink__boa-hierarchical-evaluation-cancellation__run2
boa-hierarchical-evaluation-cancellation,claude,claude-code/claude-opus-4-8,v1,2,pass,1784203136.054,1784205814.052,2678.0,opus__boa-hierarchical-evaluation-cancellation__run2
boa-hierarchical-evaluation-cancellation,opencode,modal-high/zai-org/GLM-5.2-FP8,v1,3,fail,1784203262.298,1784205897.438,2635.1,glm-high__boa-hierarchical-evaluation-cancellation__run3
boa-hierarchical-evaluation-cancellation,opencode,modal/zai-org/GLM-5.2-FP8,v1,3,pass,1784203182.349,1784206003.822,2821.5,glm-default__boa-hierarchical-evaluation-cancellation__run3
boa-hierarchical-evaluation-cancellation,opencode,modal-nothink/zai-org/GLM-5.2-FP8,v1,4,fail,1784204189.291,1784206459.563,2270.3,glm-nothink__boa-hierarchical-evaluation-cancellation__run4
boa-hierarchical-evaluation-cancellation,claude,claude-code/claude-opus-4-8,v1,3,fail,1784203941.295,1784206488.812,2547.5,opus__boa-hierarchical-evaluation-cancellation__run3
boa-hierarchical-evaluation-cancellation,claude,claude-code/claude-opus-4-8,v1,4,fail,1784204444.076,1784206553.199,2109.1,opus__boa-hierarchical-evaluation-cancellation__run4
cattrs-partial-structuring-recovery,opencode,modal-high/zai-org/GLM-5.2-FP8,v1,1,pass,1784205814.058,1784206581.099,767.0,glm-high__cattrs-partial-structuring-recovery__run1
cattrs-partial-structuring-recovery,opencode,modal-nothink/zai-org/GLM-5.2-FP8,v1,1,fail,1784205897.470,1784206669.743,772.3,glm-nothink__cattrs-partial-structuring-recovery__run1
cattrs-partial-structuring-recovery,claude,claude-code/claude-opus-4-8,v1,1,fail,1784206004.034,1784206915.927,911.9,opus__cattrs-partial-structuring-recovery__run1
cattrs-partial-structuring-recovery,opencode,modal/zai-org/GLM-5.2-FP8,v1,1,pass,1784205813.865,1784207094.202,1280.3,glm-default__cattrs-partial-structuring-recovery__run1
cattrs-partial-structuring-recovery,opencode,modal-high/zai-org/GLM-5.2-FP8,v1,2,pass,1784206488.817,1784207111.603,622.8,glm-high__cattrs-partial-structuring-recovery__run2
boa-hierarchical-evaluation-cancellation,opencode,modal-high/zai-org/GLM-5.2-FP8,v1,4,fail,1784204056.905,1784207210.728,3153.8,glm-high__boa-hierarchical-evaluation-cancellation__run4
cattrs-partial-structuring-recovery,opencode,modal-nothink/zai-org/GLM-5.2-FP8,v1,2,fail,1784206553.201,1784207263.949,710.7,glm-nothink__cattrs-partial-structuring-recovery__run2
boa-hierarchical-evaluation-cancellation,opencode,modal-nothink/zai-org/GLM-5.2-FP8,v1,3,fail,1784203785.033,1784207333.901,3548.9,glm-nothink__boa-hierarchical-evaluation-cancellation__run3
cattrs-partial-structuring-recovery,opencode,modal-high/zai-org/GLM-5.2-FP8,v1,3,pass,1784206915.930,1784207505.017,589.1,glm-high__cattrs-partial-structuring-recovery__run3
cattrs-partial-structuring-recovery,claude,claude-code/claude-opus-4-8,v1,2,fail,1784206581.106,1784207638.259,1057.2,opus__cattrs-partial-structuring-recovery__run2
cattrs-partial-structuring-recovery,opencode,modal-nothink/zai-org/GLM-5.2-FP8,v1,3,fail,1784207094.211,1784207725.067,630.9,glm-nothink__cattrs-partial-structuring-recovery__run3
cattrs-partial-structuring-recovery,opencode,modal/zai-org/GLM-5.2-FP8,v1,2,pass,1784206459.586,1784207738.902,1279.3,glm-default__cattrs-partial-structuring-recovery__run2
boa-hierarchical-evaluation-cancellation,opencode,modal/zai-org/GLM-5.2-FP8,v1,4,pass,1784204035.290,1784207777.407,3742.1,glm-default__boa-hierarchical-evaluation-cancellation__run4
cattrs-partial-structuring-recovery,claude,claude-code/claude-opus-4-8,v1,3,fail,1784207111.610,1784207942.741,831.1,opus__cattrs-partial-structuring-recovery__run3
cattrs-partial-structuring-recovery,opencode,modal/zai-org/GLM-5.2-FP8,v1,3,pass,1784206669.753,1784208032.661,1362.9,glm-default__cattrs-partial-structuring-recovery__run3
clack-async-autocomplete-options,opencode,modal/zai-org/GLM-5.2-FP8,v1,1,fail,1784207638.261,1784208064.570,426.3,glm-default__clack-async-autocomplete-options__run1
cattrs-partial-structuring-recovery,opencode,modal-high/zai-org/GLM-5.2-FP8,v1,4,pass,1784207263.959,1784208078.297,814.3,glm-high__cattrs-partial-structuring-recovery__run4
cattrs-partial-structuring-recovery,claude,claude-code/claude-opus-4-8,v1,4,fail,1784207505.022,1784208219.773,714.8,opus__cattrs-partial-structuring-recovery__run4
cattrs-partial-structuring-recovery,opencode,modal/zai-org/GLM-5.2-FP8,v1,4,pass,1784207210.741,1784208262.579,1051.8,glm-default__cattrs-partial-structuring-recovery__run4
clack-async-autocomplete-options,opencode,modal-high/zai-org/GLM-5.2-FP8,v1,1,fail,1784207725.076,1784208295.525,570.4,glm-high__clack-async-autocomplete-options__run1
clack-async-autocomplete-options,opencode,modal/zai-org/GLM-5.2-FP8,v1,2,fail,1784207942.743,1784208313.806,371.1,glm-default__clack-async-autocomplete-options__run2
clack-async-autocomplete-options,opencode,modal-nothink/zai-org/GLM-5.2-FP8,v1,1,pass,1784207738.918,1784208519.251,780.3,glm-nothink__clack-async-autocomplete-options__run1
cattrs-partial-structuring-recovery,opencode,modal-nothink/zai-org/GLM-5.2-FP8,v1,4,fail,1784207333.918,1784208563.225,1229.3,glm-nothink__cattrs-partial-structuring-recovery__run4
clack-async-autocomplete-options,opencode,modal-high/zai-org/GLM-5.2-FP8,v1,2,pass,1784208032.671,1784208715.596,682.9,glm-high__clack-async-autocomplete-options__run2
clack-async-autocomplete-options,opencode,modal/zai-org/GLM-5.2-FP8,v1,4,fail,1784208519.261,1784208848.441,329.2,glm-default__clack-async-autocomplete-options__run4
clack-async-autocomplete-options,opencode,modal-high/zai-org/GLM-5.2-FP8,v1,3,pass,1784208262.588,1784208856.513,593.9,glm-high__clack-async-autocomplete-options__run3
clack-async-autocomplete-options,claude,claude-code/claude-opus-4-8,v1,1,fail,1784207777.422,1784208875.761,1098.3,opus__clack-async-autocomplete-options__run1
clack-async-autocomplete-options,opencode,modal-nothink/zai-org/GLM-5.2-FP8,v1,3,fail,1784208295.533,1784208982.197,686.7,glm-nothink__clack-async-autocomplete-options__run3
clack-async-autocomplete-options,claude,claude-code/claude-opus-4-8,v1,2,fail,1784208078.305,1784209196.460,1118.2,opus__clack-async-autocomplete-options__run2
claude-code-by-agents-recursive-delegation,opencode,modal/zai-org/GLM-5.2-FP8,v1,1,fail,1784208856.519,1784209240.439,383.9,glm-default__claude-code-by-agents-recursive-delegation__run1
clack-async-autocomplete-options,opencode,modal-high/zai-org/GLM-5.2-FP8,v1,4,fail,1784208563.235,1784209264.839,701.6,glm-high__clack-async-autocomplete-options__run4
clack-async-autocomplete-options,opencode,modal/zai-org/GLM-5.2-FP8,v1,3,pass,1784208219.774,1784209338.643,1118.9,glm-default__clack-async-autocomplete-options__run3
clack-async-autocomplete-options,claude,claude-code/claude-opus-4-8,v1,3,fail,1784208313.811,1784209382.748,1068.9,opus__clack-async-autocomplete-options__run3
claude-code-by-agents-recursive-delegation,opencode,modal-high/zai-org/GLM-5.2-FP8,v1,1,pass,1784208875.764,1784209436.119,560.4,glm-high__claude-code-by-agents-recursive-delegation__run1
claude-code-by-agents-recursive-delegation,opencode,modal-nothink/zai-org/GLM-5.2-FP8,v1,1,fail,1784208982.208,1784209470.159,488.0,glm-nothink__claude-code-by-agents-recursive-delegation__run1
clack-async-autocomplete-options,opencode,modal-nothink/zai-org/GLM-5.2-FP8,v1,4,fail,1784208715.603,1784209648.297,932.7,glm-nothink__clack-async-autocomplete-options__run4
clack-async-autocomplete-options,opencode,modal-nothink/zai-org/GLM-5.2-FP8,v1,2,fail,1784208064.575,1784209682.393,1617.8,glm-nothink__clack-async-autocomplete-options__run2
claude-code-by-agents-recursive-delegation,claude,claude-code/claude-opus-4-8,v1,1,pass,1784209196.463,1784209776.927,580.5,opus__claude-code-by-agents-recursive-delegation__run1
claude-code-by-agents-recursive-delegation,opencode,modal/zai-org/GLM-5.2-FP8,v1,2,pass,1784209240.444,1784209781.609,541.2,glm-default__claude-code-by-agents-recursive-delegation__run2
claude-code-by-agents-recursive-delegation,opencode,modal-high/zai-org/GLM-5.2-FP8,v1,2,fail,1784209264.846,1784209808.557,543.7,glm-high__claude-code-by-agents-recursive-delegation__run2
claude-code-by-agents-recursive-delegation,opencode,modal/zai-org/GLM-5.2-FP8,v1,3,fail,1784209436.125,1784209865.408,429.3,glm-default__claude-code-by-agents-recursive-delegation__run3
claude-code-by-agents-recursive-delegation,opencode,modal-nothink/zai-org/GLM-5.2-FP8,v1,2,fail,1784209338.653,1784209891.463,552.8,glm-nothink__claude-code-by-agents-recursive-delegation__run2
clack-async-autocomplete-options,claude,claude-code/claude-opus-4-8,v1,4,fail,1784208848.446,1784209948.694,1100.2,opus__clack-async-autocomplete-options__run4
claude-code-by-agents-recursive-delegation,opencode,modal-high/zai-org/GLM-5.2-FP8,v1,3,pass,1784209470.167,1784210017.845,547.7,glm-high__claude-code-by-agents-recursive-delegation__run3
claude-code-by-agents-recursive-delegation,opencode,modal/zai-org/GLM-5.2-FP8,v1,4,fail,1784209776.929,1784210145.362,368.4,glm-default__claude-code-by-agents-recursive-delegation__run4
claude-code-by-agents-recursive-delegation,opencode,modal-high/zai-org/GLM-5.2-FP8,v1,4,pass,1784209781.618,1784210162.961,381.3,glm-high__claude-code-by-agents-recursive-delegation__run4
claude-code-by-agents-recursive-delegation,claude,claude-code/claude-opus-4-8,v1,2,pass,1784209382.750,1784210222.570,839.8,opus__claude-code-by-agents-recursive-delegation__run2
claude-code-by-agents-recursive-delegation,claude,claude-code/claude-opus-4-8,v1,3,fail,1784209682.406,1784210229.753,547.3,opus__claude-code-by-agents-recursive-delegation__run3
claude-code-by-agents-recursive-delegation,opencode,modal-nothink/zai-org/GLM-5.2-FP8,v1,3,fail,1784209648.311,1784210272.349,624.0,glm-nothink__claude-code-by-agents-recursive-delegation__run3
cliffy-config-file-parsing,opencode,modal-high/zai-org/GLM-5.2-FP8,v1,1,fail,1784209948.696,1784210411.130,462.4,glm-high__cliffy-config-file-parsing__run1
claude-code-by-agents-recursive-delegation,opencode,modal-nothink/zai-org/GLM-5.2-FP8,v1,4,fail,1784209808.563,1784210518.642,710.1,glm-nothink__claude-code-by-agents-recursive-delegation__run4
cliffy-config-file-parsing,opencode,modal-nothink/zai-org/GLM-5.2-FP8,v1,1,pass,1784210017.852,1784210524.504,506.7,glm-nothink__cliffy-config-file-parsing__run1
claude-code-by-agents-recursive-delegation,claude,claude-code/claude-opus-4-8,v1,4,fail,1784209865.414,1784210532.324,666.9,opus__claude-code-by-agents-recursive-delegation__run4
cliffy-config-file-parsing,opencode,modal-nothink/zai-org/GLM-5.2-FP8,v1,2,fail,1784210229.754,1784210731.077,501.3,glm-nothink__cliffy-config-file-parsing__run2
cliffy-config-file-parsing,opencode,modal/zai-org/GLM-5.2-FP8,v1,1,fail,1784209891.472,1784210853.708,962.2,glm-default__cliffy-config-file-parsing__run1
cliffy-config-file-parsing,opencode,modal-high/zai-org/GLM-5.2-FP8,v1,3,fail,1784210518.650,1784211056.515,537.9,glm-high__cliffy-config-file-parsing__run3
cliffy-config-file-parsing,opencode,modal/zai-org/GLM-5.2-FP8,v1,2,fail,1784210162.967,1784211106.272,943.3,glm-default__cliffy-config-file-parsing__run2
cliffy-config-file-parsing,opencode,modal-high/zai-org/GLM-5.2-FP8,v1,2,fail,1784210222.571,1784211122.540,900.0,glm-high__cliffy-config-file-parsing__run2
cliffy-config-file-parsing,opencode,modal-nothink/zai-org/GLM-5.2-FP8,v1,3,fail,1784210524.513,1784211154.392,629.9,glm-nothink__cliffy-config-file-parsing__run3
cliffy-config-file-parsing,claude,claude-code/claude-opus-4-8,v1,1,fail,1784210145.367,1784211197.934,1052.6,opus__cliffy-config-file-parsing__run1
cliffy-config-file-parsing,claude,claude-code/claude-opus-4-8,v1,2,fail,1784210272.357,1784211248.910,976.6,opus__cliffy-config-file-parsing__run2
cliffy-config-file-parsing,claude,claude-code/claude-opus-4-8,v1,3,fail,1784210532.325,1784211469.508,937.2,opus__cliffy-config-file-parsing__run3
cliffy-config-file-parsing,opencode,modal/zai-org/GLM-5.2-FP8,v1,3,fail,1784210411.138,1784211531.266,1120.1,glm-default__cliffy-config-file-parsing__run3
cliffy-config-file-parsing,opencode,modal-nothink/zai-org/GLM-5.2-FP8,v1,4,fail,1784211056.524,1784211554.312,497.8,glm-nothink__cliffy-config-file-parsing__run4
csstree-shorthand-expansion-compression,opencode,modal-nothink/zai-org/GLM-5.2-FP8,v1,1,fail,1784211197.937,1784211657.667,459.7,glm-nothink__csstree-shorthand-expansion-compression__run1
cliffy-config-file-parsing,opencode,modal-high/zai-org/GLM-5.2-FP8,v1,4,pass,1784210853.718,1784211757.766,904.0,glm-high__cliffy-config-file-parsing__run4
cliffy-config-file-parsing,opencode,modal/zai-org/GLM-5.2-FP8,v1,4,fail,1784210731.085,1784211804.828,1073.7,glm-default__cliffy-config-file-parsing__run4
csstree-shorthand-expansion-compression,opencode,modal-nothink/zai-org/GLM-5.2-FP8,v1,2,fail,1784211554.321,1784211985.521,431.2,glm-nothink__csstree-shorthand-expansion-compression__run2
csstree-shorthand-expansion-compression,claude,claude-code/claude-opus-4-8,v1,1,fail,1784211248.913,1784212067.095,818.2,opus__csstree-shorthand-expansion-compression__run1
csstree-shorthand-expansion-compression,opencode,modal-high/zai-org/GLM-5.2-FP8,v1,1,fail,1784211154.403,1784212167.238,1012.8,glm-high__csstree-shorthand-expansion-compression__run1
csstree-shorthand-expansion-compression,opencode,modal-high/zai-org/GLM-5.2-FP8,v1,2,fail,1784211531.278,1784212185.428,654.2,glm-high__csstree-shorthand-expansion-compression__run2
cliffy-config-file-parsing,claude,claude-code/claude-opus-4-8,v1,4,fail,1784211106.282,1784212186.296,1080.0,opus__cliffy-config-file-parsing__run4
csstree-shorthand-expansion-compression,opencode,modal/zai-org/GLM-5.2-FP8,v1,1,fail,1784211122.550,1784212320.971,1198.4,glm-default__csstree-shorthand-expansion-compression__run1
csstree-shorthand-expansion-compression,opencode,modal-nothink/zai-org/GLM-5.2-FP8,v1,3,fail,1784211985.529,1784212407.692,422.2,glm-nothink__csstree-shorthand-expansion-compression__run3
csstree-shorthand-expansion-compression,claude,claude-code/claude-opus-4-8,v1,2,fail,1784211657.675,1784212562.427,904.8,opus__csstree-shorthand-expansion-compression__run2
csstree-shorthand-expansion-compression,opencode,modal/zai-org/GLM-5.2-FP8,v1,2,fail,1784211469.511,1784212565.134,1095.6,glm-default__csstree-shorthand-expansion-compression__run2
csstree-shorthand-expansion-compression,opencode,modal-high/zai-org/GLM-5.2-FP8,v1,3,fail,1784211804.839,1784212589.563,784.7,glm-high__csstree-shorthand-expansion-compression__run3
csstree-shorthand-expansion-compression,opencode,modal-nothink/zai-org/GLM-5.2-FP8,v1,4,fail,1784212186.298,1784212805.846,619.5,glm-nothink__csstree-shorthand-expansion-compression__run4
csstree-shorthand-expansion-compression,claude,claude-code/claude-opus-4-8,v1,3,fail,1784212067.096,1784212866.757,799.7,opus__csstree-shorthand-expansion-compression__run3
csstree-shorthand-expansion-compression,opencode,modal-high/zai-org/GLM-5.2-FP8,v1,4,fail,1784212185.436,1784212931.177,745.7,glm-high__csstree-shorthand-expansion-compression__run4
csstree-shorthand-expansion-compression,opencode,modal/zai-org/GLM-5.2-FP8,v1,3,fail,1784211757.778,1784213027.653,1269.9,glm-default__csstree-shorthand-expansion-compression__run3
csstree-shorthand-expansion-compression,claude,claude-code/claude-opus-4-8,v1,4,fail,1784212320.980,1784213179.633,858.7,opus__csstree-shorthand-expansion-compression__run4
csstree-shorthand-expansion-compression,opencode,modal/zai-org/GLM-5.2-FP8,v1,4,fail,1784212167.246,1784213304.101,1136.9,glm-default__csstree-shorthand-expansion-compression__run4
dateutil-rfc5545-timezone-interop,opencode,modal-nothink/zai-org/GLM-5.2-FP8,v1,1,fail,1784214040.310,1784214665.736,625.4,glm-nothink__dateutil-rfc5545-timezone-interop__run1
dateutil-rfc5545-timezone-interop,opencode,modal-high/zai-org/GLM-5.2-FP8,v1,3,fail,1784214040.318,1784214701.781,661.5,glm-high__dateutil-rfc5545-timezone-interop__run3
dateutil-rfc5545-timezone-interop,opencode,modal-high/zai-org/GLM-5.2-FP8,v1,1,fail,1784214040.311,1784214789.677,749.4,glm-high__dateutil-rfc5545-timezone-interop__run1
dateutil-rfc5545-timezone-interop,claude,claude-code/claude-opus-4-8,v1,1,pass,1784214040.312,1784214859.860,819.5,opus__dateutil-rfc5545-timezone-interop__run1
dateutil-rfc5545-timezone-interop,opencode,modal-high/zai-org/GLM-5.2-FP8,v1,2,fail,1784214040.312,1784215008.209,967.9,glm-high__dateutil-rfc5545-timezone-interop__run2
dateutil-rfc5545-timezone-interop,opencode,modal-nothink/zai-org/GLM-5.2-FP8,v1,2,fail,1784214040.317,1784215142.381,1102.1,glm-nothink__dateutil-rfc5545-timezone-interop__run2
dateutil-rfc5545-timezone-interop,claude,claude-code/claude-opus-4-8,v1,2,fail,1784214040.317,1784215284.490,1244.2,opus__dateutil-rfc5545-timezone-interop__run2
dateutil-rfc5545-timezone-interop,opencode,modal-nothink/zai-org/GLM-5.2-FP8,v1,3,fail,1784214665.745,1784215298.269,632.5,glm-nothink__dateutil-rfc5545-timezone-interop__run3
dateutil-rfc5545-timezone-interop,opencode,modal/zai-org/GLM-5.2-FP8,v1,3,pass,1784214040.318,1784215323.402,1283.1,glm-default__dateutil-rfc5545-timezone-interop__run3
dateutil-rfc5545-timezone-interop,opencode,modal-nothink/zai-org/GLM-5.2-FP8,v1,4,fail,1784215008.220,1784215542.757,534.5,glm-nothink__dateutil-rfc5545-timezone-interop__run4
dateutil-rfc5545-timezone-interop,opencode,modal/zai-org/GLM-5.2-FP8,v1,1,fail,1784214040.309,1784215563.749,1523.4,glm-default__dateutil-rfc5545-timezone-interop__run1
dateutil-rfc5545-timezone-interop,opencode,modal-high/zai-org/GLM-5.2-FP8,v1,4,fail,1784214859.863,1784215587.047,727.2,glm-high__dateutil-rfc5545-timezone-interop__run4
dateutil-rfc5545-timezone-interop,claude,claude-code/claude-opus-4-8,v1,3,fail,1784214701.787,1784215649.535,947.7,opus__dateutil-rfc5545-timezone-interop__run3
dateutil-rfc5545-timezone-interop,opencode,modal/zai-org/GLM-5.2-FP8,v1,2,fail,1784214040.311,1784215724.329,1684.0,glm-default__dateutil-rfc5545-timezone-interop__run2
dateutil-rfc5545-timezone-interop,claude,claude-code/claude-opus-4-8,v1,4,fail,1784215142.397,1784216164.529,1022.1,opus__dateutil-rfc5545-timezone-interop__run4
dateutil-rfc5545-timezone-interop,opencode,modal/zai-org/GLM-5.2-FP8,v1,4,pass,1784214789.684,1784216491.546,1701.9,glm-default__dateutil-rfc5545-timezone-interop__run4
expr-try-catch-errors,claude,claude-code/claude-opus-4-8,v1,1,fail,1784215542.765,1784217295.370,1752.6,opus__expr-try-catch-errors__run1
expr-try-catch-errors,opencode,modal-nothink/zai-org/GLM-5.2-FP8,v1,1,fail,1784215323.415,1784217375.153,2051.7,glm-nothink__expr-try-catch-errors__run1
expr-try-catch-errors,opencode,modal-high/zai-org/GLM-5.2-FP8,v1,2,fail,1784215587.055,1784217467.091,1880.0,glm-high__expr-try-catch-errors__run2
expr-try-catch-errors,opencode,modal-high/zai-org/GLM-5.2-FP8,v1,1,pass,1784215298.278,1784217505.933,2207.7,glm-high__expr-try-catch-errors__run1
expr-try-catch-errors,opencode,modal/zai-org/GLM-5.2-FP8,v1,2,fail,1784215563.763,1784217597.710,2033.9,glm-default__expr-try-catch-errors__run2
expr-try-catch-errors,claude,claude-code/claude-opus-4-8,v1,2,fail,1784215724.342,1784217604.277,1879.9,opus__expr-try-catch-errors__run2
expr-try-catch-errors,opencode,modal-nothink/zai-org/GLM-5.2-FP8,v1,2,fail,1784215649.537,1784217644.395,1994.9,glm-nothink__expr-try-catch-errors__run2
expr-try-catch-errors,opencode,modal/zai-org/GLM-5.2-FP8,v1,1,fail,1784215284.493,1784218577.338,3292.8,glm-default__expr-try-catch-errors__run1
expr-try-catch-errors,opencode,modal-nothink/zai-org/GLM-5.2-FP8,v1,3,fail,1784217295.372,1784218719.662,1424.3,glm-nothink__expr-try-catch-errors__run3
expr-try-catch-errors,opencode,modal/zai-org/GLM-5.2-FP8,v1,3,fail,1784216164.531,1784218720.459,2555.9,glm-default__expr-try-catch-errors__run3
expr-try-catch-errors,opencode,modal-nothink/zai-org/GLM-5.2-FP8,v1,4,fail,1784217597.724,1784218979.145,1381.4,glm-nothink__expr-try-catch-errors__run4
expr-try-catch-errors,opencode,modal-high/zai-org/GLM-5.2-FP8,v1,3,fail,1784216491.558,1784219111.077,2619.5,glm-high__expr-try-catch-errors__run3
expr-try-catch-errors,claude,claude-code/claude-opus-4-8,v1,3,pass,1784217375.171,1784219129.989,1754.8,opus__expr-try-catch-errors__run3
expr-try-catch-errors,opencode,modal-high/zai-org/GLM-5.2-FP8,v1,4,fail,1784217505.947,1784219194.271,1688.3,glm-high__expr-try-catch-errors__run4
expr-try-catch-errors,opencode,modal/zai-org/GLM-5.2-FP8,v1,4,pass,1784217467.101,1784219197.883,1730.8,glm-default__expr-try-catch-errors__run4
fastapi-deprecation-response-headers,opencode,modal-high/zai-org/GLM-5.2-FP8,v1,1,fail,1784218577.353,1784219331.564,754.2,glm-high__fastapi-deprecation-response-headers__run1
fastapi-deprecation-response-headers,opencode,modal/zai-org/GLM-5.2-FP8,v1,1,pass,1784217644.410,1784219395.416,1751.0,glm-default__fastapi-deprecation-response-headers__run1
fastapi-deprecation-response-headers,opencode,modal-nothink/zai-org/GLM-5.2-FP8,v1,1,fail,1784218719.676,1784219436.255,716.6,glm-nothink__fastapi-deprecation-response-headers__run1
expr-try-catch-errors,claude,claude-code/claude-opus-4-8,v1,4,fail,1784217604.279,1784219481.772,1877.5,opus__expr-try-catch-errors__run4
fastapi-deprecation-response-headers,opencode,modal-nothink/zai-org/GLM-5.2-FP8,v1,3,fail,1784219395.429,1784219951.325,555.9,glm-nothink__fastapi-deprecation-response-headers__run3
fastapi-deprecation-response-headers,opencode,modal/zai-org/GLM-5.2-FP8,v1,3,fail,1784219197.896,1784219968.685,770.8,glm-default__fastapi-deprecation-response-headers__run3
fastapi-deprecation-response-headers,claude,claude-code/claude-opus-4-8,v1,1,fail,1784218720.473,1784220004.916,1284.4,opus__fastapi-deprecation-response-headers__run1
fastapi-deprecation-response-headers,claude,claude-code/claude-opus-4-8,v1,2,fail,1784219194.286,1784220069.526,875.2,opus__fastapi-deprecation-response-headers__run2
fastapi-deprecation-response-headers,opencode,modal-high/zai-org/GLM-5.2-FP8,v1,2,fail,1784219111.095,1784220108.475,997.4,glm-high__fastapi-deprecation-response-headers__run2
fastapi-deprecation-response-headers,opencode,modal/zai-org/GLM-5.2-FP8,v1,2,fail,1784218979.159,1784220190.239,1211.1,glm-default__fastapi-deprecation-response-headers__run2
fastapi-deprecation-response-headers,opencode,modal-high/zai-org/GLM-5.2-FP8,v1,3,fail,1784219331.579,1784220235.060,903.5,glm-high__fastapi-deprecation-response-headers__run3
fastapi-deprecation-response-headers,claude,claude-code/claude-opus-4-8,v1,3,pass,1784219436.266,1784220489.700,1053.4,opus__fastapi-deprecation-response-headers__run3
fastapi-deprecation-response-headers,opencode,modal/zai-org/GLM-5.2-FP8,v1,4,fail,1784219481.774,1784220567.485,1085.7,glm-default__fastapi-deprecation-response-headers__run4
fastapi-deprecation-response-headers,opencode,modal-high/zai-org/GLM-5.2-FP8,v1,4,fail,1784219951.334,1784220606.558,655.2,glm-high__fastapi-deprecation-response-headers__run4
fd-deterministic-multi-key-sorting,opencode,modal-high/zai-org/GLM-5.2-FP8,v1,1,fail,1784220108.487,1784220705.137,596.6,glm-high__fd-deterministic-multi-key-sorting__run1
fastapi-deprecation-response-headers,opencode,modal-nothink/zai-org/GLM-5.2-FP8,v1,4,fail,1784219968.695,1784220726.307,757.6,glm-nothink__fastapi-deprecation-response-headers__run4
fd-deterministic-multi-key-sorting,opencode,modal-nothink/zai-org/GLM-5.2-FP8,v1,1,pass,1784220190.254,1784220836.548,646.3,glm-nothink__fd-deterministic-multi-key-sorting__run1
fd-deterministic-multi-key-sorting,opencode,modal/zai-org/GLM-5.2-FP8,v1,1,pass,1784220069.530,1784221151.480,1081.9,glm-default__fd-deterministic-multi-key-sorting__run1
fastapi-deprecation-response-headers,claude,claude-code/claude-opus-4-8,v1,4,pass,1784220004.919,1784221177.410,1172.5,opus__fastapi-deprecation-response-headers__run4
fd-deterministic-multi-key-sorting,opencode,modal-high/zai-org/GLM-5.2-FP8,v1,2,pass,1784220567.503,1784221188.120,620.6,glm-high__fd-deterministic-multi-key-sorting__run2
fd-deterministic-multi-key-sorting,claude,claude-code/claude-opus-4-8,v1,1,fail,1784220235.072,1784221191.751,956.7,opus__fd-deterministic-multi-key-sorting__run1
fd-deterministic-multi-key-sorting,opencode,modal-nothink/zai-org/GLM-5.2-FP8,v1,2,fail,1784220606.568,1784221212.727,606.2,glm-nothink__fd-deterministic-multi-key-sorting__run2
fd-deterministic-multi-key-sorting,opencode,modal-high/zai-org/GLM-5.2-FP8,v1,3,pass,1784220836.558,1784221242.830,406.3,glm-high__fd-deterministic-multi-key-sorting__run3
fd-deterministic-multi-key-sorting,opencode,modal/zai-org/GLM-5.2-FP8,v1,2,pass,1784220489.705,1784221449.036,959.3,glm-default__fd-deterministic-multi-key-sorting__run2
fd-deterministic-multi-key-sorting,opencode,modal/zai-org/GLM-5.2-FP8,v1,4,fail,1784221188.129,1784221557.801,369.7,glm-default__fd-deterministic-multi-key-sorting__run4
fd-deterministic-multi-key-sorting,claude,claude-code/claude-opus-4-8,v1,2,fail,1784220705.145,1784221608.081,902.9,opus__fd-deterministic-multi-key-sorting__run2
fd-deterministic-multi-key-sorting,opencode,modal/zai-org/GLM-5.2-FP8,v1,3,pass,1784220726.318,1784221614.669,888.4,glm-default__fd-deterministic-multi-key-sorting__run3
fd-deterministic-multi-key-sorting,opencode,modal-nothink/zai-org/GLM-5.2-FP8,v1,3,pass,1784221151.492,1784221692.617,541.1,glm-nothink__fd-deterministic-multi-key-sorting__run3
fd-deterministic-multi-key-sorting,opencode,modal-high/zai-org/GLM-5.2-FP8,v1,4,fail,1784221191.753,1784221776.977,585.2,glm-high__fd-deterministic-multi-key-sorting__run4
fd-deterministic-multi-key-sorting,opencode,modal-nothink/zai-org/GLM-5.2-FP8,v1,4,fail,1784221212.736,1784221813.083,600.3,glm-nothink__fd-deterministic-multi-key-sorting__run4
fd-deterministic-multi-key-sorting,claude,claude-code/claude-opus-4-8,v1,3,fail,1784221177.415,1784221896.026,718.6,opus__fd-deterministic-multi-key-sorting__run3
kcp-go-multiplexed-kcp-streams,opencode,modal/zai-org/GLM-5.2-FP8,v1,2,fail,1784221692.626,1784222055.366,362.7,glm-default__kcp-go-multiplexed-kcp-streams__run2
fd-deterministic-multi-key-sorting,claude,claude-code/claude-opus-4-8,v1,4,fail,1784221242.839,1784222072.069,829.2,opus__fd-deterministic-multi-key-sorting__run4
kcp-go-multiplexed-kcp-streams,opencode,modal-nothink/zai-org/GLM-5.2-FP8,v1,1,fail,1784221608.083,1784222397.604,789.5,glm-nothink__kcp-go-multiplexed-kcp-streams__run1
kcp-go-multiplexed-kcp-streams,opencode,modal/zai-org/GLM-5.2-FP8,v1,3,fail,1784222055.371,1784222453.200,397.8,glm-default__kcp-go-multiplexed-kcp-streams__run3
kcp-go-multiplexed-kcp-streams,opencode,modal-nothink/zai-org/GLM-5.2-FP8,v1,2,fail,1784221813.091,1784222645.564,832.5,glm-nothink__kcp-go-multiplexed-kcp-streams__run2
kcp-go-multiplexed-kcp-streams,opencode,modal-high/zai-org/GLM-5.2-FP8,v1,1,fail,1784221557.805,1784222749.974,1192.2,glm-high__kcp-go-multiplexed-kcp-streams__run1
kcp-go-multiplexed-kcp-streams,opencode,modal/zai-org/GLM-5.2-FP8,v1,1,fail,1784221449.047,1784222810.962,1361.9,glm-default__kcp-go-multiplexed-kcp-streams__run1
kcp-go-multiplexed-kcp-streams,claude,claude-code/claude-opus-4-8,v1,1,fail,1784221614.679,1784222843.814,1229.1,opus__kcp-go-multiplexed-kcp-streams__run1
kcp-go-multiplexed-kcp-streams,opencode,modal-high/zai-org/GLM-5.2-FP8,v1,3,pass,1784222072.072,1784223091.623,1019.6,glm-high__kcp-go-multiplexed-kcp-streams__run3
kcp-go-multiplexed-kcp-streams,opencode,modal-high/zai-org/GLM-5.2-FP8,v1,2,pass,1784221776.984,1784223461.111,1684.1,glm-high__kcp-go-multiplexed-kcp-streams__run2
kcp-go-multiplexed-kcp-streams,opencode,modal-high/zai-org/GLM-5.2-FP8,v1,4,pass,1784222749.980,1784223481.117,731.1,glm-high__kcp-go-multiplexed-kcp-streams__run4
kcp-go-multiplexed-kcp-streams,opencode,modal-nothink/zai-org/GLM-5.2-FP8,v1,4,fail,1784222810.970,1784223687.065,876.1,glm-nothink__kcp-go-multiplexed-kcp-streams__run4
kcp-go-multiplexed-kcp-streams,claude,claude-code/claude-opus-4-8,v1,2,fail,1784221896.028,1784223747.638,1851.6,opus__kcp-go-multiplexed-kcp-streams__run2
kcp-go-multiplexed-kcp-streams,opencode,modal/zai-org/GLM-5.2-FP8,v1,4,pass,1784222645.571,1784223781.083,1135.5,glm-default__kcp-go-multiplexed-kcp-streams__run4
kombu-single-active-consumer-priority,opencode,modal-high/zai-org/GLM-5.2-FP8,v1,1,pass,1784223260.673,1784223878.719,618.0,glm-high__kombu-single-active-consumer-priority__run1
kombu-single-active-consumer-priority,opencode,modal/zai-org/GLM-5.2-FP8,v1,1,fail,1784223091.629,1784223966.493,874.9,glm-default__kombu-single-active-consumer-priority__run1
kcp-go-multiplexed-kcp-streams,opencode,modal-nothink/zai-org/GLM-5.2-FP8,v1,3,fail,1784222397.609,1784224034.049,1636.4,glm-nothink__kcp-go-multiplexed-kcp-streams__run3
kombu-single-active-consumer-priority,opencode,modal-nothink/zai-org/GLM-5.2-FP8,v1,2,fail,1784223781.091,1784224316.975,535.9,glm-nothink__kombu-single-active-consumer-priority__run2
kombu-single-active-consumer-priority,opencode,modal-high/zai-org/GLM-5.2-FP8,v1,2,fail,1784223747.640,1784224321.460,573.8,glm-high__kombu-single-active-consumer-priority__run2
kombu-single-active-consumer-priority,claude,claude-code/claude-opus-4-8,v1,1,pass,1784223481.121,1784224433.323,952.2,opus__kombu-single-active-consumer-priority__run1
kombu-single-active-consumer-priority,opencode,modal/zai-org/GLM-5.2-FP8,v1,2,fail,1784223687.070,1784224556.191,869.1,glm-default__kombu-single-active-consumer-priority__run2
kombu-single-active-consumer-priority,opencode,modal-high/zai-org/GLM-5.2-FP8,v1,3,fail,1784224034.058,1784224581.939,547.9,glm-high__kombu-single-active-consumer-priority__run3
fastapi-deprecation-response-headers,opencode,modal-nothink/zai-org/GLM-5.2-FP8,v1,2,fail,1784219129.991,1784224632.509,5502.5,glm-nothink__fastapi-deprecation-response-headers__run2
kombu-single-active-consumer-priority,opencode,modal-nothink/zai-org/GLM-5.2-FP8,v1,1,fail,1784223461.124,1784224672.565,1211.4,glm-nothink__kombu-single-active-consumer-priority__run1
kombu-single-active-consumer-priority,opencode,modal-nothink/zai-org/GLM-5.2-FP8,v1,3,fail,1784224316.985,1784224712.183,395.2,glm-nothink__kombu-single-active-consumer-priority__run3
kombu-single-active-consumer-priority,claude,claude-code/claude-opus-4-8,v1,2,pass,1784223878.726,1784224827.760,949.0,opus__kombu-single-active-consumer-priority__run2
kombu-single-active-consumer-priority,opencode,modal/zai-org/GLM-5.2-FP8,v1,3,fail,1784223966.503,1784224906.557,940.1,glm-default__kombu-single-active-consumer-priority__run3
kombu-virtual-queue-dead-lettering,opencode,modal/zai-org/GLM-5.2-FP8,v1,1,fail,1784224672.575,1784225095.669,423.1,glm-default__kombu-virtual-queue-dead-lettering__run1
kombu-single-active-consumer-priority,opencode,modal-nothink/zai-org/GLM-5.2-FP8,v1,4,fail,1784224581.945,1784225121.275,539.3,glm-nothink__kombu-single-active-consumer-priority__run4
kombu-single-active-consumer-priority,opencode,modal/zai-org/GLM-5.2-FP8,v1,4,fail,1784224433.325,1784225134.312,701.0,glm-default__kombu-single-active-consumer-priority__run4
kombu-single-active-consumer-priority,claude,claude-code/claude-opus-4-8,v1,3,fail,1784224321.467,1784225149.633,828.2,opus__kombu-single-active-consumer-priority__run3
kcp-go-multiplexed-kcp-streams,claude,claude-code/claude-opus-4-8,v1,4,pass,1784222843.816,1784225284.353,2440.5,opus__kcp-go-multiplexed-kcp-streams__run4
kombu-single-active-consumer-priority,opencode,modal-high/zai-org/GLM-5.2-FP8,v1,4,fail,1784224556.200,1784225404.542,848.3,glm-high__kombu-single-active-consumer-priority__run4
kombu-single-active-consumer-priority,claude,claude-code/claude-opus-4-8,v1,4,pass,1784224632.511,1784225477.309,844.8,opus__kombu-single-active-consumer-priority__run4
kombu-virtual-queue-dead-lettering,opencode,modal-nothink/zai-org/GLM-5.2-FP8,v1,1,fail,1784224827.762,1784225576.561,748.8,glm-nothink__kombu-virtual-queue-dead-lettering__run1
kombu-virtual-queue-dead-lettering,opencode,modal-high/zai-org/GLM-5.2-FP8,v1,1,fail,1784224712.189,1784225591.209,879.0,glm-high__kombu-virtual-queue-dead-lettering__run1
kombu-virtual-queue-dead-lettering,opencode,modal-nothink/zai-org/GLM-5.2-FP8,v1,2,fail,1784225134.320,1784225752.674,618.4,glm-nothink__kombu-virtual-queue-dead-lettering__run2
kombu-virtual-queue-dead-lettering,opencode,modal-high/zai-org/GLM-5.2-FP8,v1,2,fail,1784225121.283,1784225820.040,698.8,glm-high__kombu-virtual-queue-dead-lettering__run2
kombu-virtual-queue-dead-lettering,opencode,modal/zai-org/GLM-5.2-FP8,v1,2,fail,1784225095.673,1784226020.163,924.5,glm-default__kombu-virtual-queue-dead-lettering__run2
kombu-virtual-queue-dead-lettering,opencode,modal-nothink/zai-org/GLM-5.2-FP8,v1,3,fail,1784225477.311,1784226170.786,693.5,glm-nothink__kombu-virtual-queue-dead-lettering__run3
kombu-virtual-queue-dead-lettering,opencode,modal-high/zai-org/GLM-5.2-FP8,v1,3,fail,1784225404.551,1784226267.334,862.8,glm-high__kombu-virtual-queue-dead-lettering__run3
kombu-virtual-queue-dead-lettering,opencode,modal-high/zai-org/GLM-5.2-FP8,v1,4,fail,1784225752.682,1784226504.600,751.9,glm-high__kombu-virtual-queue-dead-lettering__run4
kombu-virtual-queue-dead-lettering,opencode,modal/zai-org/GLM-5.2-FP8,v1,3,fail,1784225284.354,1784226540.125,1255.8,glm-default__kombu-virtual-queue-dead-lettering__run3
kombu-virtual-queue-dead-lettering,opencode,modal-nothink/zai-org/GLM-5.2-FP8,v1,4,fail,1784225758.422,1784226552.545,794.1,glm-nothink__kombu-virtual-queue-dead-lettering__run4
koota-deferred-mutation-buffer,opencode,modal/zai-org/GLM-5.2-FP8,v1,1,fail,1784225820.047,1784226726.492,906.4,glm-default__koota-deferred-mutation-buffer__run1
koota-deferred-mutation-buffer,opencode,modal-high/zai-org/GLM-5.2-FP8,v1,1,fail,1784225845.978,1784226784.831,938.9,glm-high__koota-deferred-mutation-buffer__run1
koota-deferred-mutation-buffer,opencode,modal/zai-org/GLM-5.2-FP8,v1,2,fail,1784226194.825,1784226851.957,657.1,glm-default__koota-deferred-mutation-buffer__run2
koota-deferred-mutation-buffer,opencode,modal-nothink/zai-org/GLM-5.2-FP8,v1,1,fail,1784226020.172,1784226969.502,949.3,glm-nothink__koota-deferred-mutation-buffer__run1
kombu-virtual-queue-dead-lettering,opencode,modal/zai-org/GLM-5.2-FP8,v1,4,fail,1784225591.218,1784226998.668,1407.5,glm-default__kombu-virtual-queue-dead-lettering__run4
koota-deferred-mutation-buffer,opencode,modal/zai-org/GLM-5.2-FP8,v1,3,fail,1784226540.136,1784227015.716,475.6,glm-default__koota-deferred-mutation-buffer__run3
koota-deferred-mutation-buffer,opencode,modal-nothink/zai-org/GLM-5.2-FP8,v1,3,fail,1784226553.204,1784227471.646,918.4,glm-nothink__koota-deferred-mutation-buffer__run3
koota-deferred-mutation-buffer,opencode,modal-nothink/zai-org/GLM-5.2-FP8,v1,2,fail,1784226267.342,1784227479.864,1212.5,glm-nothink__koota-deferred-mutation-buffer__run2
koota-deferred-mutation-buffer,opencode,modal-high/zai-org/GLM-5.2-FP8,v1,2,fail,1784226241.822,1784227571.878,1330.1,glm-high__koota-deferred-mutation-buffer__run2
koota-deferred-mutation-buffer,opencode,modal-high/zai-org/GLM-5.2-FP8,v1,3,fail,1784226552.557,1784227781.835,1229.3,glm-high__koota-deferred-mutation-buffer__run3
optique-conditional-option-dependencies,opencode,modal-high/zai-org/GLM-5.2-FP8,v1,2,fail,1784227548.703,1784228366.325,817.6,glm-high__optique-conditional-option-dependencies__run2
koota-deferred-mutation-buffer,opencode,modal-nothink/zai-org/GLM-5.2-FP8,v1,4,fail,1784226851.962,1784229365.363,2513.4,glm-nothink__koota-deferred-mutation-buffer__run4
optique-conditional-option-dependencies,opencode,modal-nothink/zai-org/GLM-5.2-FP8,v1,1,fail,1784227017.925,1784230230.163,3212.2,glm-nothink__optique-conditional-option-dependencies__run1
koota-deferred-mutation-buffer,opencode,modal-high/zai-org/GLM-5.2-FP8,v1,4,fail,1784226784.841,1784231517.199,4732.4,glm-high__koota-deferred-mutation-buffer__run4
koota-deferred-mutation-buffer,opencode,modal/zai-org/GLM-5.2-FP8,v1,4,fail,1784226774.356,1784232220.877,5446.5,glm-default__koota-deferred-mutation-buffer__run4
optique-conditional-option-dependencies,opencode,modal/zai-org/GLM-5.2-FP8,v1,1,fail,1784226998.679,1784232485.430,5486.8,glm-default__optique-conditional-option-dependencies__run1
optique-conditional-option-dependencies,opencode,modal-high/zai-org/GLM-5.2-FP8,v1,1,fail,1784227015.721,1784232527.191,5511.5,glm-high__optique-conditional-option-dependencies__run1
optique-conditional-option-dependencies,opencode,modal/zai-org/GLM-5.2-FP8,v1,2,fail,1784227479.876,1784232934.899,5455.0,glm-default__optique-conditional-option-dependencies__run2
optique-conditional-option-dependencies,opencode,modal-nothink/zai-org/GLM-5.2-FP8,v1,2,fail,1784227571.891,1784233025.412,5453.5,glm-nothink__optique-conditional-option-dependencies__run2
optique-conditional-option-dependencies,opencode,modal/zai-org/GLM-5.2-FP8,v1,3,fail,1784227835.349,1784233288.718,5453.4,glm-default__optique-conditional-option-dependencies__run3
optique-conditional-option-dependencies,opencode,modal-high/zai-org/GLM-5.2-FP8,v1,3,fail,1784228366.333,1784233819.918,5453.6,glm-high__optique-conditional-option-dependencies__run3
optique-conditional-option-dependencies,opencode,modal-nothink/zai-org/GLM-5.2-FP8,v1,3,fail,1784229365.376,1784233974.958,4609.6,glm-nothink__optique-conditional-option-dependencies__run3
psd-tools-blend-range-api,opencode,modal-high/zai-org/GLM-5.2-FP8,v1,1,fail,1784232541.522,1784234055.745,1514.2,glm-high__psd-tools-blend-range-api__run1
optique-conditional-option-dependencies,opencode,modal-high/zai-org/GLM-5.2-FP8,v1,4,fail,1784231517.209,1784234084.023,2566.8,glm-high__optique-conditional-option-dependencies__run4
optique-conditional-option-dependencies,opencode,modal/zai-org/GLM-5.2-FP8,v1,4,fail,1784230283.583,1784234272.186,3988.6,glm-default__optique-conditional-option-dependencies__run4
psd-tools-blend-range-api,opencode,modal-nothink/zai-org/GLM-5.2-FP8,v1,1,pass,1784232934.913,1784234363.427,1428.5,glm-nothink__psd-tools-blend-range-api__run1
psd-tools-blend-range-api,opencode,modal/zai-org/GLM-5.2-FP8,v1,1,fail,1784232527.202,1784234378.613,1851.4,glm-default__psd-tools-blend-range-api__run1
psd-tools-blend-range-api,opencode,modal-high/zai-org/GLM-5.2-FP8,v1,2,pass,1784233288.729,1784234434.748,1146.0,glm-high__psd-tools-blend-range-api__run2
optique-conditional-option-dependencies,opencode,modal-nothink/zai-org/GLM-5.2-FP8,v1,4,fail,1784232220.887,1784234450.337,2229.4,glm-nothink__optique-conditional-option-dependencies__run4
psd-tools-blend-range-api,opencode,modal-nothink/zai-org/GLM-5.2-FP8,v1,2,fail,1784233819.930,1784234455.442,635.5,glm-nothink__psd-tools-blend-range-api__run2
psd-tools-blend-range-api,opencode,modal/zai-org/GLM-5.2-FP8,v1,2,pass,1784233112.973,1784234607.715,1494.7,glm-default__psd-tools-blend-range-api__run2
psd-tools-blend-range-api,opencode,modal-high/zai-org/GLM-5.2-FP8,v1,3,pass,1784234055.753,1784234830.457,774.7,glm-high__psd-tools-blend-range-api__run3
psd-tools-blend-range-api,opencode,modal-high/zai-org/GLM-5.2-FP8,v1,4,pass,1784234363.436,1784234995.613,632.2,glm-high__psd-tools-blend-range-api__run4
psd-tools-blend-range-api,opencode,modal-nothink/zai-org/GLM-5.2-FP8,v1,3,pass,1784234084.038,1784235040.659,956.6,glm-nothink__psd-tools-blend-range-api__run3
psd-tools-blend-range-api,opencode,modal/zai-org/GLM-5.2-FP8,v1,3,pass,1784234039.737,1784235133.551,1093.8,glm-default__psd-tools-blend-range-api__run3
psd-tools-blend-range-api,opencode,modal/zai-org/GLM-5.2-FP8,v1,4,fail,1784234337.387,1784235136.388,799.0,glm-default__psd-tools-blend-range-api__run4
psd-tools-blend-range-api,opencode,modal-nothink/zai-org/GLM-5.2-FP8,v1,4,fail,1784234378.622,1784235201.223,822.6,glm-nothink__psd-tools-blend-range-api__run4
quill-shared-toolbar-focus,opencode,modal/zai-org/GLM-5.2-FP8,v1,1,fail,1784234450.354,1784235299.062,848.7,glm-default__quill-shared-toolbar-focus__run1
quill-shared-toolbar-focus,opencode,modal-high/zai-org/GLM-5.2-FP8,v1,1,fail,1784234455.451,1784235663.274,1207.8,glm-high__quill-shared-toolbar-focus__run1
quill-shared-toolbar-focus,opencode,modal-nothink/zai-org/GLM-5.2-FP8,v1,2,fail,1784234995.620,1784235748.210,752.6,glm-nothink__quill-shared-toolbar-focus__run2
quill-shared-toolbar-focus,opencode,modal-nothink/zai-org/GLM-5.2-FP8,v1,3,fail,1784235136.397,1784235866.935,730.5,glm-nothink__quill-shared-toolbar-focus__run3
quill-shared-toolbar-focus,opencode,modal-high/zai-org/GLM-5.2-FP8,v1,2,fail,1784234830.468,1784236052.911,1222.4,glm-high__quill-shared-toolbar-focus__run2
quill-shared-toolbar-focus,opencode,modal-high/zai-org/GLM-5.2-FP8,v1,4,fail,1784235299.068,1784236099.860,800.8,glm-high__quill-shared-toolbar-focus__run4
superjson-error-stack-serialization,opencode,modal/zai-org/GLM-5.2-FP8,v1,1,fail,1784235800.397,1784236276.568,476.2,glm-default__superjson-error-stack-serialization__run1
quill-shared-toolbar-focus,opencode,modal/zai-org/GLM-5.2-FP8,v1,3,fail,1784235091.514,1784236310.073,1218.6,glm-default__quill-shared-toolbar-focus__run3
superjson-error-stack-serialization,opencode,modal-nothink/zai-org/GLM-5.2-FP8,v1,1,fail,1784236052.922,1784236475.954,423.0,glm-nothink__superjson-error-stack-serialization__run1
quill-shared-toolbar-focus,opencode,modal-nothink/zai-org/GLM-5.2-FP8,v1,4,fail,1784235663.284,1784236551.441,888.2,glm-nothink__quill-shared-toolbar-focus__run4
superjson-error-stack-serialization,opencode,modal/zai-org/GLM-5.2-FP8,v1,2,fail,1784236171.037,1784236610.828,439.8,glm-default__superjson-error-stack-serialization__run2
quill-shared-toolbar-focus,opencode,modal-high/zai-org/GLM-5.2-FP8,v1,3,fail,1784235133.560,1784236630.330,1496.8,glm-high__quill-shared-toolbar-focus__run3
superjson-error-stack-serialization,opencode,modal-high/zai-org/GLM-5.2-FP8,v1,1,fail,1784235866.946,1784236651.593,784.6,glm-high__superjson-error-stack-serialization__run1
quill-shared-toolbar-focus,opencode,modal/zai-org/GLM-5.2-FP8,v1,4,fail,1784235251.756,1784236701.731,1450.0,glm-default__quill-shared-toolbar-focus__run4
superjson-error-stack-serialization,opencode,modal-high/zai-org/GLM-5.2-FP8,v1,2,fail,1784236276.571,1784236786.710,510.1,glm-high__superjson-error-stack-serialization__run2
superjson-error-stack-serialization,opencode,modal-nothink/zai-org/GLM-5.2-FP8,v1,2,fail,1784236310.082,1784236794.080,484.0,glm-nothink__superjson-error-stack-serialization__run2
quill-shared-toolbar-focus,opencode,modal/zai-org/GLM-5.2-FP8,v1,2,fail,1784234680.984,1784236864.289,2183.3,glm-default__quill-shared-toolbar-focus__run2
superjson-error-stack-serialization,opencode,modal-high/zai-org/GLM-5.2-FP8,v1,3,fail,1784236551.452,1784237077.662,526.2,glm-high__superjson-error-stack-serialization__run3
superjson-error-stack-serialization,opencode,modal-nothink/zai-org/GLM-5.2-FP8,v1,4,fail,1784236701.741,1784237094.750,393.0,glm-nothink__superjson-error-stack-serialization__run4
superjson-error-stack-serialization,opencode,modal/zai-org/GLM-5.2-FP8,v1,4,fail,1784236651.599,1784237095.144,443.5,glm-default__superjson-error-stack-serialization__run4
superjson-error-stack-serialization,opencode,modal-high/zai-org/GLM-5.2-FP8,v1,4,fail,1784236679.762,1784237128.643,448.9,glm-high__superjson-error-stack-serialization__run4
superjson-error-stack-serialization,opencode,modal/zai-org/GLM-5.2-FP8,v1,3,fail,1784236523.901,1784237137.281,613.4,glm-default__superjson-error-stack-serialization__run3
superjson-error-stack-serialization,opencode,modal-nothink/zai-org/GLM-5.2-FP8,v1,3,fail,1784236610.832,1784237192.582,581.7,glm-nothink__superjson-error-stack-serialization__run3
quill-shared-toolbar-focus,opencode,modal-nothink/zai-org/GLM-5.2-FP8,v1,1,fail,1784234506.976,1784237251.604,2744.6,glm-nothink__quill-shared-toolbar-focus__run1
task-task-graph-export,opencode,modal-nothink/zai-org/GLM-5.2-FP8,v1,2,fail,1784237128.648,1784237741.921,613.3,glm-nothink__task-task-graph-export__run2
task-task-graph-export,opencode,modal-nothink/zai-org/GLM-5.2-FP8,v1,1,fail,1784236864.309,1784237790.547,926.2,glm-nothink__task-task-graph-export__run1
task-task-graph-export,opencode,modal-high/zai-org/GLM-5.2-FP8,v1,2,fail,1784237095.149,1784237898.251,803.1,glm-high__task-task-graph-export__run2
task-task-graph-export,opencode,modal-high/zai-org/GLM-5.2-FP8,v1,1,pass,1784236837.976,1784237938.352,1100.4,glm-high__task-task-graph-export__run1
task-task-graph-export,opencode,modal/zai-org/GLM-5.2-FP8,v1,1,pass,1784236794.087,1784238089.170,1295.1,glm-default__task-task-graph-export__run1
task-task-graph-export,opencode,modal-high/zai-org/GLM-5.2-FP8,v1,3,pass,1784237251.166,1784238168.921,917.8,glm-high__task-task-graph-export__run3
task-task-graph-export,opencode,modal/zai-org/GLM-5.2-FP8,v1,2,pass,1784237094.756,1784238307.739,1213.0,glm-default__task-task-graph-export__run2
task-task-graph-export,opencode,modal-nothink/zai-org/GLM-5.2-FP8,v1,4,fail,1784237790.561,1784238357.242,566.7,glm-nothink__task-task-graph-export__run4
task-task-graph-export,opencode,modal-high/zai-org/GLM-5.2-FP8,v1,4,pass,1784237741.935,1784238476.183,734.2,glm-high__task-task-graph-export__run4
task-task-graph-export,opencode,modal/zai-org/GLM-5.2-FP8,v1,3,pass,1784237192.591,1784238580.938,1388.3,glm-default__task-task-graph-export__run3
task-task-graph-export,opencode,modal/zai-org/GLM-5.2-FP8,v1,4,fail,1784237452.913,1784238619.455,1166.5,glm-default__task-task-graph-export__run4
yjs-map-conflict-detection,opencode,modal-nothink/zai-org/GLM-5.2-FP8,v1,1,fail,1784238089.184,1784238829.611,740.4,glm-nothink__yjs-map-conflict-detection__run1
yjs-map-conflict-detection,opencode,modal-nothink/zai-org/GLM-5.2-FP8,v1,2,pass,1784238357.249,1784239050.284,693.0,glm-nothink__yjs-map-conflict-detection__run2
yjs-map-conflict-detection,opencode,modal/zai-org/GLM-5.2-FP8,v1,2,pass,1784238265.043,1784239133.789,868.7,glm-default__yjs-map-conflict-detection__run2
yjs-map-conflict-detection,opencode,modal-high/zai-org/GLM-5.2-FP8,v1,2,pass,1784238307.752,1784239162.756,855.0,glm-high__yjs-map-conflict-detection__run2
yjs-map-conflict-detection,opencode,modal-nothink/zai-org/GLM-5.2-FP8,v1,3,pass,1784238619.469,1784239164.254,544.8,glm-nothink__yjs-map-conflict-detection__run3
yjs-map-conflict-detection,opencode,modal-high/zai-org/GLM-5.2-FP8,v1,1,pass,1784238050.355,1784239200.038,1149.7,glm-high__yjs-map-conflict-detection__run1
yjs-map-conflict-detection,opencode,modal/zai-org/GLM-5.2-FP8,v1,1,fail,1784237938.362,1784239459.951,1521.6,glm-default__yjs-map-conflict-detection__run1
yjs-map-conflict-detection,opencode,modal-high/zai-org/GLM-5.2-FP8,v1,3,pass,1784238580.949,1784239520.699,939.7,glm-high__yjs-map-conflict-detection__run3
yjs-map-conflict-detection,opencode,modal/zai-org/GLM-5.2-FP8,v1,3,fail,1784238541.345,1784239860.833,1319.5,glm-default__yjs-map-conflict-detection__run3
yjs-map-conflict-detection,opencode,modal-nothink/zai-org/GLM-5.2-FP8,v1,4,pass,1784239133.798,1784239916.643,782.8,glm-nothink__yjs-map-conflict-detection__run4
yjs-map-conflict-detection,opencode,modal/zai-org/GLM-5.2-FP8,v1,4,pass,1784238891.593,1784239917.262,1025.7,glm-default__yjs-map-conflict-detection__run4
yjs-map-conflict-detection,opencode,modal-high/zai-org/GLM-5.2-FP8,v1,4,pass,1784239050.293,1784239979.671,929.4,glm-high__yjs-map-conflict-detection__run4
task-task-graph-export,opencode,modal-nothink/zai-org/GLM-5.2-FP8,v1,3,fail,1784237251.619,1784242793.325,5541.7,glm-nothink__task-task-graph-export__run3
kombu-virtual-queue-dead-lettering,claude,claude-code/claude-opus-4-8,v1,1,fail,1784297438.726,1784298353.489,914.8,opus__kombu-virtual-queue-dead-lettering__run1
kombu-virtual-queue-dead-lettering,claude,claude-code/claude-opus-4-8,v1,3,fail,1784297438.725,1784298378.274,939.5,opus__kombu-virtual-queue-dead-lettering__run3
kombu-virtual-queue-dead-lettering,claude,claude-code/claude-opus-4-8,v1,4,fail,1784297438.726,1784298393.184,954.5,opus__kombu-virtual-queue-dead-lettering__run4
kombu-virtual-queue-dead-lettering,claude,claude-code/claude-opus-4-8,v1,2,fail,1784297438.726,1784298507.813,1069.1,opus__kombu-virtual-queue-dead-lettering__run2
optique-conditional-option-dependencies,claude,claude-code/claude-opus-4-8,v1,1,fail,1784297438.730,1784298641.018,1202.3,opus__optique-conditional-option-dependencies__run1
kcp-go-multiplexed-kcp-streams,claude,claude-code/claude-opus-4-8,v1,3,fail,1784297438.725,1784298677.610,1238.9,opus__kcp-go-multiplexed-kcp-streams__run3
koota-deferred-mutation-buffer,claude,claude-code/claude-opus-4-8,v1,2,fail,1784297438.730,1784298713.206,1274.5,opus__koota-deferred-mutation-buffer__run2
koota-deferred-mutation-buffer,claude,claude-code/claude-opus-4-8,v1,4,fail,1784297438.730,1784298716.363,1277.6,opus__koota-deferred-mutation-buffer__run4
koota-deferred-mutation-buffer,claude,claude-code/claude-opus-4-8,v1,1,fail,1784297438.726,1784298898.336,1459.6,opus__koota-deferred-mutation-buffer__run1
psd-tools-blend-range-api,claude,claude-code/claude-opus-4-8,v1,1,pass,1784298507.815,1784299248.348,740.5,opus__psd-tools-blend-range-api__run1
psd-tools-blend-range-api,claude,claude-code/claude-opus-4-8,v1,2,pass,1784298641.021,1784299365.517,724.5,opus__psd-tools-blend-range-api__run2
psd-tools-blend-range-api,claude,claude-code/claude-opus-4-8,v1,4,pass,1784298713.208,1784299503.078,789.9,opus__psd-tools-blend-range-api__run4
psd-tools-blend-range-api,claude,claude-code/claude-opus-4-8,v1,3,pass,1784298677.612,1784299593.008,915.4,opus__psd-tools-blend-range-api__run3
optique-conditional-option-dependencies,claude,claude-code/claude-opus-4-8,v1,3,fail,1784298378.276,1784299805.876,1427.6,opus__optique-conditional-option-dependencies__run3
koota-deferred-mutation-buffer,claude,claude-code/claude-opus-4-8,v1,3,fail,1784297438.729,1784299852.630,2413.9,opus__koota-deferred-mutation-buffer__run3
optique-conditional-option-dependencies,claude,claude-code/claude-opus-4-8,v1,2,fail,1784298353.491,1784299972.765,1619.3,opus__optique-conditional-option-dependencies__run2
optique-conditional-option-dependencies,claude,claude-code/claude-opus-4-8,v1,4,fail,1784298393.186,1784300122.332,1729.1,opus__optique-conditional-option-dependencies__run4
quill-shared-toolbar-focus,claude,claude-code/claude-opus-4-8,v1,1,fail,1784298716.365,1784300132.002,1415.6,opus__quill-shared-toolbar-focus__run1
superjson-error-stack-serialization,claude,claude-code/claude-opus-4-8,v1,2,fail,1784299593.010,1784300246.172,653.2,opus__superjson-error-stack-serialization__run2
quill-shared-toolbar-focus,claude,claude-code/claude-opus-4-8,v1,2,fail,1784298898.339,1784300524.386,1626.0,opus__quill-shared-toolbar-focus__run2
superjson-error-stack-serialization,claude,claude-code/claude-opus-4-8,v1,1,pass,1784299503.080,1784300610.600,1107.5,opus__superjson-error-stack-serialization__run1
quill-shared-toolbar-focus,claude,claude-code/claude-opus-4-8,v1,4,pass,1784299365.519,1784300624.907,1259.4,opus__quill-shared-toolbar-focus__run4
superjson-error-stack-serialization,claude,claude-code/claude-opus-4-8,v1,3,fail,1784299805.902,1784300647.358,841.5,opus__superjson-error-stack-serialization__run3
quill-shared-toolbar-focus,claude,claude-code/claude-opus-4-8,v1,3,pass,1784299248.350,1784300705.675,1457.3,opus__quill-shared-toolbar-focus__run3
superjson-error-stack-serialization,claude,claude-code/claude-opus-4-8,v1,4,fail,1784299852.633,1784300870.036,1017.4,opus__superjson-error-stack-serialization__run4
task-task-graph-export,claude,claude-code/claude-opus-4-8,v1,4,fail,1784300246.173,1784301192.725,946.6,opus__task-task-graph-export__run4
task-task-graph-export,claude,claude-code/claude-opus-4-8,v1,1,fail,1784299972.769,1784301248.229,1275.5,opus__task-task-graph-export__run1
task-task-graph-export,claude,claude-code/claude-opus-4-8,v1,2,fail,1784300122.336,1784301333.826,1211.5,opus__task-task-graph-export__run2
task-task-graph-export,claude,claude-code/claude-opus-4-8,v1,3,pass,1784300132.005,1784301334.274,1202.3,opus__task-task-graph-export__run3
yjs-map-conflict-detection,claude,claude-code/claude-opus-4-8,v1,3,pass,1784300624.910,1784301955.188,1330.3,opus__yjs-map-conflict-detection__run3
yjs-map-conflict-detection,claude,claude-code/claude-opus-4-8,v1,4,pass,1784300647.359,1784301976.739,1329.4,opus__yjs-map-conflict-detection__run4
yjs-map-conflict-detection,claude,claude-code/claude-opus-4-8,v1,1,pass,1784300524.388,1784302018.383,1494.0,opus__yjs-map-conflict-detection__run1
yjs-map-conflict-detection,claude,claude-code/claude-opus-4-8,v1,2,pass,1784300610.602,1784302276.268,1665.7,opus__yjs-map-conflict-detection__run2
